Country Name,Year,Value (USD),Status
0,0.632653,0.915241,0
0,0.714286,0.177148,0
0,0.734694,0.218867,0
0,0.795918,0.465862,0
0,0.816327,0.329851,0
0,0.836735,0.22786,0
0,0.857143,0.176556,0
0,0.877551,0.172682,0
0,0.897959,0.165142,0
0,0.918367,0.347387,0
0,0.959184,0.404537,0
0,0.979592,0.317247,0
0,1.0,0.403753,0
1,0.0,0.00026,0
1,0.020408,0.000465,0
1,0.040816,0.000138,0
1,0.061224,0.000203,0
1,0.081633,0.000849,0
1,0.122449,0.000106,0
1,0.142857,0.00014,0
1,0.163265,0.000101,0
1,0.183673,0.000146,0
1,0.204082,0.000274,0
1,0.22449,0.000138,0
1,0.244898,8.3e-05,0
1,0.265306,0.002466,0
1,0.285714,0.000229,0
1,0.306122,0.000462,0
1,0.326531,0.002625,0
1,0.346939,0.009084,0
1,0.367347,0.028723,0
1,0.387755,0.065121,0
1,0.408163,0.018414,0
1,0.428571,0.018067,0
1,0.469388,0.015044,0
1,0.489796,0.006847,0
1,0.510204,0.005279,0
1,0.530612,0.003845,0
1,0.55102,0.000674,0
1,0.571429,0.001691,0
1,0.591837,0.002627,0
1,0.612245,0.003035,0
1,0.632653,0.001955,0
1,0.653061,0.002796,0
1,0.673469,0.001926,0
1,0.693878,0.000872,0
1,0.714286,0.001469,0
1,0.734694,0.001417,0
1,0.755102,0.000844,0
1,0.795918,0.002033,0
1,0.816327,0.001558,0
1,0.836735,0.002517,0
1,0.857143,0.003805,0
1,0.877551,0.002638,0
1,0.897959,0.001722,0
1,0.918367,0.001645,0
1,0.938776,0.001512,0
1,0.959184,0.004595,0
1,0.979592,0.000669,0
2,0.877551,0.0,0
2,0.938776,0.0,0
2,0.959184,1e-06,0
2,0.979592,4e-06,0
2,1.0,1e-06,0
3,0.0,0.000676,0
3,0.020408,0.000773,0
3,0.040816,0.000856,0
3,0.061224,0.00051,0
3,0.081633,0.001157,0
3,0.102041,0.002856,0
3,0.122449,0.004495,0
3,0.142857,0.002841,0
3,0.163265,0.005388,0
3,0.183673,0.005834,0
3,0.204082,0.008809,0
3,0.244898,0.033186,0
3,0.265306,0.023643,0
3,0.285714,0.025135,0
3,0.306122,0.023194,0
3,0.326531,0.02636,0
3,0.346939,0.024273,0
3,0.367347,0.038509,0
3,0.387755,0.05748,0
3,0.408163,0.056677,0
3,0.428571,0.083669,0
3,0.44898,0.086698,0
3,0.469388,0.089769,0
3,0.489796,0.114746,0
3,0.510204,0.123066,0
3,0.530612,0.13885,0
3,0.55102,0.167925,0
3,0.571429,0.243375,0
3,0.591837,0.314513,0
3,0.612245,0.353615,0
3,0.632653,0.495757,0
3,0.653061,0.792605,0
3,0.673469,0.48467,0
3,0.693878,0.485678,0
3,0.714286,0.652975,0
3,0.734694,0.651327,0
3,0.77551,0.454742,0
3,0.795918,0.406031,0
3,0.816327,0.433245,0
3,0.836735,0.458837,0
3,0.857143,0.486423,0
3,0.877551,0.446746,0
3,0.897959,0.481491,0
3,0.918367,0.707706,0
3,0.938776,0.616531,0
3,0.959184,0.628793,0
3,0.979592,0.518134,0
3,1.0,0.487866,0
4,0.0,3.9e-05,0
4,0.020408,5.5e-05,0
4,0.040816,4.3e-05,0
4,0.061224,4.9e-05,0
4,0.081633,5.3e-05,0
4,0.102041,6.1e-05,0
4,0.122449,4.9e-05,0
4,0.142857,4.2e-05,0
4,0.163265,7.7e-05,0
4,0.183673,6.5e-05,0
4,0.204082,0.000463,0
4,0.22449,0.00069,0
4,0.244898,0.000799,0
4,0.265306,0.001148,0
4,0.285714,0.015127,0
4,0.306122,0.033286,0
4,0.326531,0.004436,0
4,0.346939,0.002746,0
4,0.387755,0.005063,0
4,0.408163,0.007504,0
4,0.428571,0.005967,0
4,0.44898,0.006967,0
4,0.469388,0.010422,0
4,0.489796,0.006818,0
4,0.510204,0.005579,0
4,0.530612,0.004221,0
4,0.55102,0.003756,0
4,0.571429,0.006947,0
4,0.591837,0.014965,0
4,0.612245,0.025008,0
4,0.632653,0.047888,0
4,0.653061,0.074533,0
4,0.673469,0.056642,0
4,0.693878,0.02973,0
4,0.714286,0.028188,0
4,0.734694,0.022387,0
4,0.755102,0.013644,0
4,0.77551,0.015311,0
4,0.795918,0.016576,0
4,0.816327,0.018315,0
4,0.836735,0.015325,0
4,0.857143,0.023079,0
4,0.877551,0.022759,0
4,0.897959,0.019324,0
4,0.918367,0.02296,0
4,0.938776,0.020342,0
4,0.959184,0.021583,0
4,0.979592,0.017068,0
4,1.0,0.017433,0
5,0.897959,1e-06,0
5,0.918367,1e-05,0
5,0.938776,4e-06,0
5,0.959184,1e-06,0
5,0.979592,2e-06,0
6,0.387755,9.2e-05,0
6,0.408163,6.1e-05,0
6,0.428571,0.000102,0
6,0.44898,0.000277,0
6,0.469388,0.000333,0
6,0.489796,0.000257,0
6,0.510204,0.000142,0
6,0.530612,0.000111,0
6,0.55102,0.000124,0
6,0.571429,0.000154,0
6,0.591837,0.00018,0
6,0.612245,0.000405,0
6,0.632653,0.000797,0
6,0.653061,0.000603,0
6,0.673469,0.001203,0
6,0.693878,0.000269,0
6,0.714286,0.000166,0
6,0.734694,9e-05,0
6,0.77551,0.000349,0
6,0.795918,0.000414,0
6,0.816327,0.00017,0
6,0.836735,0.000192,0
6,0.857143,0.000325,0
6,0.877551,0.00056,0
6,0.897959,0.000438,0
6,0.918367,0.000342,0
6,0.938776,0.000323,0
6,0.959184,0.000249,0
6,0.979592,0.000298,0
6,1.0,0.000463,0
7,0.367347,9e-06,0
7,0.387755,6.2e-05,0
7,0.408163,8.7e-05,0
7,0.428571,0.000492,0
7,0.44898,0.000328,0
7,0.469388,0.000582,0
7,0.489796,0.000559,0
7,0.510204,0.00054,0
7,0.530612,0.000151,0
7,0.591837,0.000143,0
7,0.612245,0.000119,0
7,0.632653,0.000136,0
7,0.653061,0.000409,0
7,0.673469,0.000844,0
7,0.693878,0.00135,0
7,0.714286,0.002792,0
7,0.734694,0.001284,0
7,0.77551,0.000713,0
7,0.795918,0.009125,0
7,0.816327,0.007857,0
7,0.836735,0.008843,0
7,0.857143,0.015297,0
7,0.877551,0.009317,0
7,0.897959,0.007576,0
7,0.918367,0.009124,0
7,0.938776,0.024291,0
7,0.959184,0.013368,0
7,0.979592,0.007692,0
7,1.0,0.007379,0
8,0.367347,3e-06,0
8,0.387755,3e-06,0
8,0.408163,2e-06,0
8,0.428571,4e-06,0
8,0.44898,1.3e-05,0
8,0.469388,1.8e-05,0
8,0.489796,6e-06,0
8,0.510204,2.8e-05,0
8,0.530612,6e-06,0
8,0.714286,1.9e-05,0
8,0.734694,6.8e-05,0
8,0.755102,9e-06,0
8,0.77551,4e-06,0
8,0.795918,5e-06,0
8,0.877551,6e-06,0
8,0.897959,8e-06,0
8,0.918367,4e-06,0
9,0.795918,1.4e-05,0
9,0.816327,5e-06,0
9,0.836735,1.1e-05,0
9,0.857143,1.3e-05,0
9,0.877551,8e-06,0
9,0.897959,9e-06,0
9,0.918367,3e-06,0
9,0.938776,5e-06,0
9,0.959184,4e-06,0
9,0.979592,3e-06,0
9,1.0,9e-06,0
10,0.0,0.000332,0
10,0.020408,0.000382,0
10,0.040816,0.000358,0
10,0.061224,0.000417,0
10,0.081633,0.000609,0
10,0.102041,0.000446,0
10,0.122449,0.000359,0
10,0.142857,0.000597,0
10,0.163265,0.000759,0
10,0.183673,0.000833,0
10,0.204082,0.001276,0
10,0.22449,0.002771,0
10,0.244898,0.004646,0
10,0.265306,0.004755,0
10,0.285714,0.004902,0
10,0.306122,0.004205,0
10,0.326531,0.003902,0
10,0.346939,0.004485,0
10,0.367347,0.006093,0
10,0.387755,0.007499,0
10,0.408163,0.008771,0
10,0.428571,0.012627,0
10,0.44898,0.01643,0
10,0.469388,0.034031,0
10,0.489796,0.029183,0
10,0.510204,0.02227,0
10,0.530612,0.021803,0
10,0.55102,0.022029,0
10,0.571429,0.023869,0
10,0.591837,0.043349,0
10,0.612245,0.061482,0
10,0.632653,0.078064,0
10,0.653061,0.133655,0
10,0.673469,0.110075,0
10,0.693878,0.07113,0
10,0.714286,0.061999,0
10,0.734694,0.059593,0
10,0.755102,0.058251,0
10,0.77551,0.066552,0
11,0.408163,1.9e-05,0
11,0.428571,2.1e-05,0
11,0.44898,5.6e-05,0
11,0.469388,5.6e-05,0
11,0.489796,0.00013,0
11,0.510204,7.8e-05,0
11,0.530612,0.000123,0
11,0.55102,5.3e-05,0
11,0.571429,2.9e-05,0
11,0.591837,3.7e-05,0
11,0.612245,3.9e-05,0
11,0.632653,9.1e-05,0
11,0.653061,9.3e-05,0
11,0.673469,5.9e-05,0
11,0.693878,1.8e-05,0
11,0.714286,6e-05,0
11,0.734694,1.1e-05,0
11,0.755102,1.7e-05,0
11,0.77551,2.5e-05,0
11,0.795918,1.4e-05,0
11,0.816327,9e-06,0
11,0.836735,0.000125,0
11,0.857143,2.3e-05,0
11,0.877551,2.8e-05,0
11,0.897959,2.5e-05,0
11,0.918367,1.4e-05,0
11,0.938776,1.3e-05,0
11,0.959184,7e-06,0
11,0.979592,1.1e-05,0
11,1.0,6e-06,0
12,0.387755,1.7e-05,0
12,0.408163,2.2e-05,0
12,0.428571,1.6e-05,0
12,0.44898,3.3e-05,0
12,0.469388,3.8e-05,0
12,0.489796,2.1e-05,0
12,0.877551,9.1e-05,0
12,0.897959,9.2e-05,0
12,0.918367,3.6e-05,0
12,0.938776,8.9e-05,0
12,0.959184,5.1e-05,0
12,0.979592,0.000174,0
12,1.0,5.1e-05,0
13,0.081633,0.001872,0
13,0.102041,0.003103,0
13,0.122449,0.003569,0
13,0.142857,0.00342,0
13,0.163265,0.002025,0
13,0.183673,0.004279,0
13,0.204082,0.009569,0
13,0.22449,0.016686,0
13,0.244898,0.005672,0
13,0.265306,0.003521,0
13,0.285714,0.002397,0
13,0.306122,0.003372,0
13,0.326531,0.006792,0
13,0.346939,0.013311,0
13,0.367347,0.020309,0
13,0.387755,0.047188,0
13,0.408163,0.04554,0
13,0.428571,0.067026,0
13,0.44898,0.125476,0
13,0.469388,0.099771,0
13,0.489796,0.091683,0
13,0.510204,0.054284,0
13,0.530612,0.037214,0
13,0.55102,0.022726,0
13,0.571429,0.040678,0
13,0.591837,0.065614,0
13,0.612245,0.09865,0
13,0.632653,0.161306,0
13,0.653061,0.372528,0
13,0.673469,0.328908,0
13,0.693878,0.40856,0
13,0.714286,0.524147,0
13,0.734694,0.476118,0
13,0.755102,0.479998,0
13,0.77551,0.426921,0
13,0.795918,0.371797,0
13,0.816327,0.242399,0
13,0.836735,0.323839,0
13,0.857143,0.370834,0
13,0.877551,0.443957,0
13,0.897959,0.599522,0
13,0.918367,0.792799,0
13,0.938776,0.813651,0
13,0.959184,0.745796,0
13,0.979592,0.692178,0
13,1.0,0.525026,0
14,0.367347,1e-06,0
14,0.387755,1e-06,0
14,0.408163,2e-06,0
14,0.428571,6e-06,0
14,0.44898,2.5e-05,0
14,0.469388,8.4e-05,0
14,0.489796,3e-06,0
14,0.510204,2e-06,0
14,0.530612,4.1e-05,0
14,0.55102,9.4e-05,0
14,0.571429,6.7e-05,0
14,0.591837,0.000264,0
14,0.612245,0.000451,0
14,0.632653,0.001078,0
14,0.653061,0.003916,0
14,0.673469,0.000759,0
14,0.693878,0.000281,0
14,0.714286,0.000218,0
14,0.734694,0.000186,0
14,0.755102,0.000209,0
14,0.77551,0.000508,0
14,0.877551,0.000121,0
14,0.897959,9.8e-05,0
14,0.918367,0.000123,0
14,0.938776,0.000167,0
14,0.959184,0.000207,0
14,0.979592,0.000129,0
14,1.0,0.000106,0
15,0.0,0.003006,0
15,0.020408,0.003676,0
15,0.040816,0.003848,0
15,0.061224,0.005863,0
15,0.081633,0.010434,0
15,0.102041,0.015674,0
15,0.122449,0.013671,0
15,0.142857,0.009505,0
15,0.163265,0.016259,0
15,0.183673,0.014607,0
15,0.204082,0.022505,0
15,0.22449,0.033005,0
15,0.244898,0.053824,0
15,0.265306,0.039696,0
15,0.285714,0.051588,0
15,0.306122,0.03932,0
15,0.326531,0.042327,0
15,0.346939,0.043695,0
15,0.367347,0.076971,0
15,0.387755,0.090121,0
15,0.408163,0.105856,0
15,0.428571,0.15294,0
15,0.44898,0.195059,0
15,0.469388,0.205877,0
15,0.489796,0.226639,0
15,0.510204,0.362744,0
15,0.530612,0.25739,0
15,0.55102,0.258839,0
15,0.571429,0.292365,0
15,0.591837,0.407768,0
15,0.612245,0.537986,0
15,0.632653,0.714043,0
15,0.673469,0.867389,0
15,0.693878,0.76928,0
15,0.714286,0.810835,0
15,0.734694,0.850678,0
15,0.755102,0.77801,0
15,0.77551,0.763932,0
15,0.795918,0.775595,0
15,0.816327,0.632622,0
15,0.836735,0.665689,0
15,0.857143,0.738865,0
15,0.877551,0.792833,0
15,0.897959,0.826834,0
16,0.632653,1e-06,0
16,0.653061,3e-06,0
16,0.673469,1e-06,0
16,0.693878,1e-06,0
16,0.714286,1e-06,0
16,0.734694,1e-06,0
16,0.755102,1e-06,0
16,0.816327,0.0,0
16,0.877551,0.0,0
16,0.897959,2e-06,0
16,0.918367,1e-06,0
17,0.367347,0.001288,0
17,0.387755,0.004237,0
17,0.408163,0.004045,0
17,0.428571,0.008759,0
17,0.44898,0.0096,0
17,0.469388,0.009577,0
17,0.489796,0.009526,0
17,0.510204,0.016817,0
17,0.530612,0.009383,0
17,0.55102,0.010678,0
17,0.571429,0.016278,0
17,0.591837,0.031692,0
17,0.612245,0.04978,0
17,0.632653,0.068974,0
17,0.653061,0.110914,0
17,0.673469,0.068489,0
17,0.693878,0.066535,0
17,0.714286,0.070346,0
17,0.734694,0.066067,0
17,0.755102,0.053166,0
17,0.77551,0.057191,0
17,0.795918,0.045292,0
17,0.816327,0.03614,0
17,0.836735,0.032204,0
17,0.857143,0.047079,0
17,0.877551,0.041954,0
17,0.897959,0.037855,0
17,0.918367,0.05942,0
17,0.938776,0.054966,0
17,0.959184,0.048564,0
17,0.979592,0.049287,0
17,1.0,0.055413,0
18,0.489796,4.2e-05,0
18,0.510204,2e-05,0
18,0.530612,3.5e-05,0
18,0.55102,2.7e-05,0
18,0.571429,5e-06,0
18,0.591837,7e-06,0
18,0.612245,2e-06,0
18,0.632653,0.0,0
18,0.653061,0.0,0
19,0.102041,0.000435,0
19,0.122449,0.000259,0
19,0.142857,0.000128,0
19,0.163265,6.2e-05,0
19,0.183673,5.8e-05,0
19,0.204082,8.3e-05,0
19,0.22449,0.000436,0
19,0.244898,0.000731,0
19,0.265306,0.00088,0
19,0.285714,0.001085,0
19,0.306122,0.00091,0
19,0.326531,0.001021,0
19,0.346939,0.001109,0
19,0.367347,0.001524,0
19,0.387755,0.003058,0
19,0.408163,0.006399,0
19,0.428571,0.000622,0
19,0.44898,0.004287,0
19,0.469388,0.002481,0
19,0.489796,0.003764,0
19,0.510204,0.003327,0
19,0.530612,0.00235,0
19,0.55102,0.001536,0
19,0.571429,0.004365,0
19,0.591837,0.00755,0
19,0.612245,0.011803,0
19,0.632653,0.016052,0
19,0.653061,0.026067,0
19,0.673469,0.016664,0
19,0.693878,0.021375,0
19,0.714286,0.033433,0
19,0.734694,0.02959,0
19,0.755102,0.026834,0
19,0.77551,0.023795,0
19,0.795918,0.015659,0
19,0.816327,0.011356,0
19,0.836735,0.013837,0
19,0.857143,0.021986,0
19,0.877551,0.026404,0
19,0.897959,0.0219,0
19,0.918367,0.023935,0
19,0.938776,0.024173,0
19,0.959184,0.023777,0
19,0.979592,0.017699,0
19,1.0,0.016916,0
20,0.367347,0.023067,0
20,0.387755,0.039347,0
20,0.408163,0.044747,0
20,0.428571,0.177618,0
20,0.44898,0.214162,0
20,0.469388,0.164142,0
20,0.510204,0.434369,0
20,0.530612,0.267103,0
20,0.55102,0.195204,0
20,0.571429,0.223943,0
20,0.591837,0.29522,0
20,0.612245,0.226463,0
20,0.632653,0.668936,0
21,0.102041,0.000206,0
21,0.122449,0.000283,0
21,0.142857,7.2e-05,0
21,0.163265,3.6e-05,0
21,0.183673,3.1e-05,0
21,0.204082,2.5e-05,0
21,0.22449,3e-05,0
21,0.244898,6.1e-05,0
21,0.265306,5.5e-05,0
21,0.285714,5.8e-05,0
21,0.306122,6.2e-05,0
21,0.326531,0.000207,0
21,0.346939,0.000478,0
21,0.367347,0.000524,0
21,0.387755,0.00152,0
21,0.408163,0.000694,0
21,0.428571,0.001476,0
21,0.44898,0.001379,0
21,0.469388,0.001883,0
21,0.489796,0.000798,0
21,0.510204,0.00068,0
21,0.530612,0.000453,0
21,0.55102,0.000595,0
21,0.571429,0.000465,0
21,0.591837,0.0012,0
21,0.612245,0.005511,0
21,0.632653,0.009014,0
21,0.653061,0.009955,0
21,0.673469,0.010409,0
21,0.693878,0.011457,0
21,0.714286,0.0131,0
21,0.734694,0.014975,0
21,0.755102,0.018587,0
21,0.77551,0.01178,0
21,0.795918,0.009937,0
21,0.816327,0.006687,0
21,0.836735,0.008177,0
21,0.857143,0.008003,0
21,0.877551,0.007886,0
21,0.897959,0.008025,0
21,0.918367,0.005772,0
21,0.938776,0.004137,0
21,0.959184,0.003753,0
21,0.979592,0.002348,0
21,1.0,0.002848,0
22,0.367347,6e-06,0
22,0.387755,1.3e-05,0
22,0.408163,9e-06,0
22,0.428571,8e-06,0
22,0.44898,1e-05,0
22,0.469388,1.9e-05,0
22,0.489796,0.00012,0
22,0.571429,6.6e-05,0
22,0.591837,2.2e-05,0
22,0.612245,1.3e-05,0
22,0.632653,3.6e-05,0
22,0.653061,4.1e-05,0
22,0.673469,3.1e-05,0
22,0.693878,1.8e-05,0
22,0.714286,2.4e-05,0
22,0.734694,2.1e-05,0
22,0.755102,1.9e-05,0
22,0.77551,3.8e-05,0
22,0.795918,7e-05,0
22,0.816327,3e-05,0
22,0.836735,2.1e-05,0
22,0.857143,3.2e-05,0
22,0.877551,2.7e-05,0
22,0.897959,2.1e-05,0
22,0.918367,1.7e-05,0
22,0.938776,1.9e-05,0
22,0.959184,2.5e-05,0
23,0.367347,8e-06,0
23,0.387755,8e-06,0
23,0.408163,0.000178,0
23,0.428571,0.000103,0
23,0.44898,0.00014,0
23,0.469388,5.8e-05,0
23,0.489796,4e-05,0
23,0.510204,0.000109,0
23,0.530612,6.7e-05,0
23,0.55102,9.2e-05,0
23,0.571429,0.000142,0
23,0.591837,0.000268,0
23,0.612245,0.000437,0
23,0.632653,0.001083,0
23,0.653061,0.002532,0
23,0.673469,0.001856,0
23,0.693878,0.000844,0
23,0.714286,0.000606,0
23,0.734694,0.000535,0
23,0.755102,0.000313,0
23,0.77551,0.00032,0
23,0.795918,0.000283,0
23,0.816327,0.000245,0
23,0.836735,0.000183,0
23,0.857143,0.00025,0
23,0.877551,0.000143,0
23,0.897959,0.00019,0
23,0.918367,0.000215,0
23,0.938776,0.000151,0
23,0.959184,0.000141,0
23,0.979592,0.000171,0
23,1.0,0.000163,0
24,0.367347,1.6e-05,0
24,0.387755,5.1e-05,0
24,0.408163,0.000171,0
24,0.428571,0.000265,0
24,0.44898,0.000232,0
24,0.469388,0.000404,0
24,0.489796,0.003699,0
24,0.510204,0.005507,0
24,0.530612,0.001817,0
24,0.55102,0.000386,0
24,0.571429,0.000179,0
24,0.591837,0.000153,0
24,0.612245,0.000273,0
24,0.632653,0.001816,0
24,0.653061,0.002577,0
24,0.673469,0.001036,0
24,0.693878,0.001017,0
24,0.714286,0.000429,0
24,0.734694,0.000259,0
24,0.755102,0.00017,0
24,0.77551,2.4e-05,0
24,0.795918,3.3e-05,0
24,0.816327,7.6e-05,0
24,0.836735,4.3e-05,0
24,0.857143,4e-05,0
24,0.877551,3.2e-05,0
24,0.897959,3.2e-05,0
24,0.918367,2.2e-05,0
24,0.938776,1.7e-05,0
24,0.959184,2.7e-05,0
24,0.979592,5e-05,0
24,1.0,8.9e-05,0
25,0.367347,0.000137,0
25,0.387755,0.000882,0
25,0.408163,0.001584,0
25,0.428571,0.003653,0
25,0.44898,0.003297,0
25,0.469388,0.002728,0
25,0.489796,0.00227,0
25,0.510204,0.003838,0
25,0.530612,0.00199,0
25,0.55102,0.003418,0
25,0.571429,0.005061,0
25,0.591837,0.010395,0
25,0.612245,0.01982,0
25,0.632653,0.01661,0
25,0.653061,0.02181,0
25,0.673469,0.018631,0
25,0.693878,0.015374,0
25,0.714286,0.012742,0
25,0.734694,0.011894,0
25,0.755102,0.010121,0
25,0.77551,0.007081,0
25,0.795918,0.00622,0
25,0.877551,0.002978,0
25,0.897959,0.002211,0
25,0.918367,0.002441,0
25,0.938776,0.002893,0
25,0.959184,0.003264,0
25,0.979592,0.00269,0
25,1.0,0.002084,0
26,0.469388,1.1e-05,0
26,0.489796,4.4e-05,0
26,0.510204,1.9e-05,0
26,0.530612,5e-06,0
26,0.55102,1e-05,0
26,0.571429,1.4e-05,0
26,0.591837,2.9e-05,0
26,0.612245,2e-05,0
26,0.632653,6.2e-05,0
26,0.653061,9.5e-05,0
26,0.673469,0.000168,0
26,0.693878,0.000139,0
26,0.714286,0.000131,0
26,0.734694,6.7e-05,0
26,0.755102,0.000101,0
26,0.77551,0.000212,0
26,0.795918,0.00023,0
26,0.816327,0.000301,0
26,0.897959,8.7e-05,0
26,0.918367,9.8e-05,0
27,0.0,3.1e-05,0
27,0.020408,3.8e-05,0
27,0.040816,2.8e-05,0
27,0.061224,3.6e-05,0
27,0.081633,3.6e-05,0
27,0.102041,3.1e-05,0
27,0.122449,3.3e-05,0
27,0.142857,3.2e-05,0
27,0.163265,9.7e-05,0
27,0.183673,9.2e-05,0
27,0.204082,0.000869,0
27,0.22449,0.001187,0
27,0.244898,0.001238,0
27,0.265306,0.002886,0
27,0.285714,0.008079,0
27,0.306122,0.006865,0
27,0.326531,0.005793,0
27,0.346939,0.008776,0
27,0.367347,0.01156,0
27,0.387755,0.014887,0
27,0.408163,0.015126,0
27,0.428571,0.019514,0
27,0.44898,0.025315,0
27,0.469388,0.038747,0
27,0.489796,0.032069,0
27,0.510204,0.051893,0
27,0.530612,0.038108,0
27,0.55102,0.018763,0
27,0.571429,0.025325,0
27,0.591837,0.039357,0
28,0.367347,0.107092,0
28,0.387755,0.151026,0
28,0.408163,0.101997,0
28,0.428571,0.125703,0
28,0.44898,0.146251,0
28,0.469388,0.126725,0
28,0.489796,0.160171,0
28,0.510204,0.515982,0
28,0.530612,0.274913,0
28,0.55102,0.233884,0
28,0.571429,0.3786,0
28,0.591837,0.775383,0
29,0.0,0.035708,0
29,0.020408,0.054345,0
29,0.040816,0.060394,0
29,0.061224,0.112736,0
29,0.081633,0.09991,0
29,0.102041,0.118659,0
29,0.122449,0.166731,0
29,0.142857,0.111865,0
29,0.163265,0.180549,0
29,0.183673,0.206576,0
29,0.204082,0.283033,0
29,0.22449,0.717765,0
29,0.326531,0.939299,0
29,0.346939,0.688557,0
30,0.367347,0.090565,0
30,0.387755,0.107857,0
30,0.408163,0.130217,0
30,0.428571,0.229719,0
30,0.44898,0.273375,0
30,0.469388,0.206078,0
30,0.510204,0.487537,0
30,0.530612,0.304467,0
30,0.55102,0.242267,0
30,0.571429,0.319447,0
30,0.591837,0.408487,0
30,0.612245,0.32325,0
30,0.632653,0.793409,0
31,0.367347,0.090565,0
31,0.387755,0.107857,0
31,0.408163,0.130217,0
31,0.428571,0.229719,0
31,0.44898,0.273375,0
31,0.469388,0.206078,0
31,0.510204,0.487537,0
31,0.530612,0.304467,0
31,0.55102,0.242267,0
31,0.571429,0.319447,0
31,0.591837,0.408487,0
31,0.612245,0.32325,0
31,0.632653,0.793409,0
32,0.367347,0.004626,0
32,0.387755,0.007922,0
32,0.408163,0.009375,0
32,0.428571,0.015867,0
32,0.44898,0.024845,0
32,0.469388,0.031637,0
32,0.489796,0.042251,0
32,0.510204,0.040765,0
32,0.530612,0.020508,0
32,0.591837,0.048591,0
33,0.387755,4.1e-05,0
33,0.408163,6.5e-05,0
33,0.428571,4.1e-05,0
33,0.44898,3.6e-05,0
33,0.469388,5e-06,0
33,0.489796,1.1e-05,0
33,0.510204,1.1e-05,0
33,0.530612,3e-06,0
33,0.55102,8e-06,0
34,0.632653,0.027914,0
34,0.653061,0.035506,0
34,0.673469,0.055308,0
34,0.693878,0.042927,0
34,0.714286,0.02148,0
34,0.734694,0.009176,0
34,0.755102,0.009866,0
34,0.77551,0.00735,0
34,0.795918,0.015261,0
34,0.816327,0.008519,0
34,0.836735,0.005818,0
34,0.857143,0.008328,0
34,0.877551,0.008356,0
34,0.897959,0.006178,0
34,0.918367,0.009282,0
34,0.938776,0.012113,0
34,0.959184,0.006478,0
34,0.979592,0.011463,0
34,1.0,0.011716,0
35,0.469388,0.000399,0
35,0.489796,0.000162,0
35,0.510204,0.000192,0
35,0.530612,0.000149,0
35,0.55102,0.000133,0
35,0.571429,0.000355,0
35,0.591837,0.000519,0
36,0.387755,1e-06,0
36,0.408163,0.0,0
36,0.428571,0.000215,0
36,0.44898,0.000206,0
36,0.469388,0.000116,0
36,0.489796,0.0,0
36,0.510204,0.0,0
36,0.530612,5e-06,0
36,0.55102,0.0,0
36,0.571429,0.0,0
36,0.591837,0.0,0
36,0.612245,0.0,0
36,0.632653,0.0,0
36,0.653061,2e-06,0
37,0.0,0.014424,0
37,0.020408,0.014098,0
37,0.040816,0.015056,0
37,0.061224,0.02494,0
37,0.081633,0.020004,0
37,0.102041,0.022478,0
37,0.122449,0.02248,0
37,0.142857,0.018623,0
37,0.163265,0.031639,0
37,0.183673,0.030791,0
37,0.204082,0.083341,0
37,0.22449,0.17497,0
37,0.244898,0.37464,0
37,0.265306,0.297911,0
37,0.285714,0.365609,0
37,0.306122,0.503855,0
37,0.326531,0.401772,0
37,0.346939,0.38926,0
37,0.367347,0.510939,0
37,0.387755,0.646325,0
37,0.408163,0.653987,0
37,0.428571,0.499416,0
38,0.0,0.053222,0
38,0.020408,0.053003,0
38,0.040816,0.047254,0
38,0.061224,0.061317,0
38,0.081633,0.076102,0
38,0.102041,0.089965,0
38,0.122449,0.086879,0
38,0.142857,0.040268,0
38,0.163265,0.135683,0
38,0.183673,0.140255,0
38,0.204082,0.2596,0
38,0.22449,0.327476,0
38,0.244898,0.885552,0
38,0.265306,0.708653,0
38,0.285714,0.813691,0
38,0.306122,0.935093,0
38,0.326531,0.666587,0
38,0.346939,0.656127,0
38,0.367347,0.914858,0
39,0.530612,0.060279,0
39,0.55102,0.068969,0
39,0.571429,0.108045,0
39,0.591837,0.165225,0
39,0.612245,0.218478,0
39,0.632653,0.503162,0
39,0.653061,0.991813,0
39,0.673469,0.830378,0
39,0.693878,0.512691,0
39,0.714286,0.569303,0
39,0.734694,0.574131,0
39,0.755102,0.441197,0
39,0.77551,0.396125,0
39,0.795918,0.340837,0
39,0.816327,0.302733,0
39,0.836735,0.271176,0
39,0.857143,0.343088,0
39,0.877551,0.332403,0
39,0.897959,0.335709,0
39,0.918367,0.711433,0
39,0.938776,0.54673,0
39,0.959184,0.67297,0
39,0.979592,0.795971,0
40,0.44898,0.025243,0
40,0.469388,0.033004,0
40,0.489796,0.039257,0
40,0.510204,0.095805,0
40,0.55102,0.039317,0
40,0.571429,0.057214,0
40,0.591837,0.08543,0
40,0.612245,0.116269,0
40,0.632653,0.133062,0
40,0.653061,0.194655,0
40,0.673469,0.130583,0
40,0.693878,0.183347,0
40,0.714286,0.234892,0
40,0.734694,0.209662,0
40,0.755102,0.208335,0
40,0.77551,0.216601,0
40,0.795918,0.213989,0
40,0.816327,0.203386,0
40,0.836735,0.163097,0
40,0.857143,0.218246,0
40,0.877551,0.214193,0
40,0.897959,0.200848,0
40,0.918367,0.501602,0
40,0.938776,0.31124,0
40,0.959184,0.516423,0
40,0.979592,0.629779,0
40,1.0,0.5539,0
41,0.0,0.014518,0
41,0.020408,0.014208,0
41,0.040816,0.0153,0
41,0.061224,0.02522,0
41,0.081633,0.021231,0
41,0.102041,0.023546,0
41,0.122449,0.024631,0
41,0.142857,0.021319,0
41,0.163265,0.037419,0
41,0.183673,0.035772,0
41,0.204082,0.090444,0
41,0.22449,0.185924,0
41,0.244898,0.387184,0
41,0.265306,0.311568,0
41,0.285714,0.384098,0
41,0.306122,0.519761,0
41,0.326531,0.419465,0
41,0.346939,0.414697,0
41,0.367347,0.547214,0
41,0.387755,0.716173,0
41,0.408163,0.729624,0
41,0.428571,0.601091,0
42,0.142857,7.9e-05,0
42,0.163265,0.000138,0
42,0.183673,0.000222,0
42,0.204082,0.000331,0
42,0.22449,0.001141,0
42,0.244898,0.003888,0
42,0.265306,0.004098,0
42,0.285714,0.004493,0
42,0.306122,0.002389,0
42,0.326531,0.000873,0
42,0.346939,0.00113,0
42,0.367347,0.004507,0
42,0.387755,0.007674,0
42,0.408163,0.011085,0
42,0.428571,0.002616,0
42,0.44898,0.020001,0
42,0.469388,0.036706,0
42,0.489796,0.060641,0
42,0.510204,0.121587,0
42,0.530612,0.103322,0
42,0.55102,0.082988,0
42,0.571429,0.082145,0
42,0.591837,0.108946,0
43,0.0,0.003258,0
43,0.020408,0.002317,0
43,0.040816,0.002013,0
43,0.061224,0.005494,0
43,0.081633,0.005444,0
43,0.102041,0.005436,0
43,0.122449,0.004586,0
43,0.142857,0.004133,0
43,0.163265,0.004398,0
43,0.183673,0.004044,0
43,0.204082,0.010063,0
43,0.22449,0.031948,0
43,0.244898,0.051604,0
43,0.265306,0.037157,0
43,0.285714,0.063961,0
43,0.306122,0.070482,0
43,0.326531,0.07126,0
43,0.346939,0.067381,0
43,0.367347,0.092684,0
43,0.387755,0.118625,0
43,0.408163,0.121932,0
43,0.428571,0.155795,0
43,0.44898,0.227086,0
43,0.469388,0.348597,0
43,0.489796,0.417644,0
43,0.510204,0.623518,0
43,0.530612,0.56614,0
43,0.55102,0.595955,0
43,0.571429,0.636632,0
43,0.591837,0.764021,0
43,0.612245,0.733847,0
43,0.693878,0.74115,0
43,0.714286,0.779281,0
43,0.734694,0.767612,0
43,0.755102,0.620157,0
43,0.77551,0.638072,0
43,0.795918,0.674492,0
43,0.816327,0.766693,0
44,0.0,0.006057,0
44,0.020408,0.006098,0
44,0.040816,0.007602,0
44,0.061224,0.010853,0
44,0.081633,0.008554,0
44,0.102041,0.008166,0
44,0.122449,0.007908,0
44,0.142857,0.008539,0
44,0.163265,0.017827,0
44,0.183673,0.01553,0
44,0.204082,0.049411,0
44,0.22449,0.087632,0
44,0.244898,0.244955,0
44,0.265306,0.199309,0
44,0.285714,0.200886,0
44,0.306122,0.313105,0
44,0.326531,0.252557,0
44,0.346939,0.248232,0
44,0.367347,0.305656,0
44,0.387755,0.34844,0
44,0.408163,0.334837,0
44,0.428571,0.086466,0
44,0.44898,0.570372,0
44,0.469388,0.847709,0
44,0.489796,0.755224,0
44,0.530612,0.750928,0
44,0.55102,0.503153,0
44,0.571429,0.587144,0
44,0.591837,0.681811,0
44,0.612245,0.743435,0
44,0.714286,0.862672,0
44,0.734694,0.908238,0
44,0.755102,0.721432,0
44,0.77551,0.757601,0
44,0.795918,0.732468,0
44,0.816327,0.833788,0
44,0.836735,0.648804,0
44,0.857143,0.899578,0
44,0.877551,0.940581,0
44,0.897959,0.786629,0
44,0.938776,0.880884,0
44,0.959184,0.746092,0
44,0.979592,0.601042,0
44,1.0,0.533305,0
45,0.367347,2e-06,0
45,0.387755,4e-05,0
45,0.408163,1.1e-05,0
45,0.428571,9e-06,0
45,0.44898,2.4e-05,0
45,0.469388,3.3e-05,0
45,0.489796,1.1e-05,0
45,0.510204,4e-06,0
45,0.530612,7e-06,0
45,0.55102,6e-06,0
45,0.571429,2.5e-05,0
45,0.591837,4.2e-05,0
45,0.612245,2.9e-05,0
45,0.632653,3e-05,0
45,0.653061,8.4e-05,0
45,0.673469,0.000166,0
45,0.693878,3e-05,0
45,0.714286,5.9e-05,0
45,0.734694,0.000147,0
45,0.755102,2.9e-05,0
45,0.77551,0.000111,0
45,0.897959,5e-06,0
45,0.918367,1.9e-05,0
45,0.938776,1.6e-05,0
45,0.959184,3.6e-05,0
45,0.979592,1.6e-05,0
45,1.0,4.5e-05,0
46,0.102041,0.000168,0
46,0.122449,0.000109,0
46,0.142857,7.6e-05,0
46,0.163265,3.7e-05,0
46,0.183673,2.8e-05,0
46,0.204082,4.1e-05,0
46,0.22449,6.2e-05,0
46,0.244898,0.000694,0
46,0.265306,0.00048,0
46,0.285714,0.000825,0
46,0.306122,0.004604,0
46,0.326531,0.002762,0
46,0.346939,0.00159,0
46,0.367347,0.002907,0
46,0.387755,0.002891,0
46,0.408163,0.003434,0
46,0.428571,0.004753,0
46,0.44898,0.012199,0
46,0.469388,0.02887,0
46,0.489796,0.106139,0
46,0.510204,0.05288,0
46,0.530612,0.02143,0
46,0.55102,0.011803,0
46,0.571429,0.019553,0
46,0.591837,0.023025,0
46,0.612245,0.028375,0
46,0.632653,0.049951,0
46,0.653061,0.07014,0
46,0.673469,0.047213,0
46,0.693878,0.034234,0
46,0.714286,0.023458,0
46,0.734694,0.013263,0
46,0.755102,0.008702,0
46,0.77551,0.013858,0
46,0.795918,0.019076,0
46,0.816327,0.010356,0
46,0.836735,0.007055,0
46,0.857143,0.00878,0
46,0.877551,0.00686,0
46,0.897959,0.008903,0
46,0.918367,0.009513,0
46,0.938776,0.009517,0
46,0.959184,0.010768,0
46,0.979592,0.016762,0
46,1.0,0.018045,0
47,0.0,0.171171,0
47,0.020408,0.211059,0
47,0.040816,0.207233,0
47,0.061224,0.310267,0
47,0.081633,0.343709,0
47,0.102041,0.459448,0
47,0.122449,0.507136,0
47,0.142857,0.456606,0
47,0.163265,0.792723,0
47,0.183673,0.999603,0
48,0.0,0.000279,0
48,0.020408,0.000373,0
48,0.040816,0.000189,0
48,0.061224,0.000236,0
48,0.081633,0.00062,0
48,0.102041,0.000448,0
48,0.22449,0.00884,0
48,0.244898,0.026208,0
48,0.265306,0.013519,0
48,0.285714,0.01996,0
48,0.306122,0.019961,0
48,0.326531,0.022236,0
48,0.346939,0.045281,0
48,0.367347,0.076252,0
48,0.387755,0.072577,0
48,0.408163,0.055171,0
48,0.428571,0.095951,0
48,0.44898,0.261478,0
48,0.469388,0.118866,0
48,0.489796,0.131404,0
48,0.510204,0.215282,0
48,0.530612,0.137477,0
48,0.55102,0.103278,0
48,0.571429,0.157481,0
48,0.591837,0.23302,0
48,0.612245,0.243101,0
48,0.632653,0.436079,0
48,0.673469,0.905126,0
48,0.693878,0.815698,0
48,0.714286,0.858595,0
48,0.734694,0.829368,0
48,0.755102,0.621456,0
48,0.77551,0.731278,0
48,0.795918,0.837438,0
48,0.836735,0.779814,0
49,0.55102,0.003834,0
49,0.571429,0.005115,0
49,0.591837,0.008236,0
49,0.612245,0.012792,0
49,0.632653,0.017885,0
49,0.653061,0.027292,0
49,0.673469,0.015909,0
49,0.693878,0.015702,0
49,0.714286,0.015276,0
49,0.734694,0.009034,0
49,0.755102,0.006328,0
49,0.77551,0.006247,0
49,0.795918,0.004106,0
49,0.816327,0.004294,0
49,0.836735,0.004509,0
49,0.857143,0.005993,0
49,0.877551,0.005708,0
49,0.897959,0.005003,0
49,0.918367,0.006523,0
49,0.938776,0.004994,0
49,0.959184,0.005431,0
49,0.979592,0.003988,0
49,1.0,0.004257,0
50,0.367347,0.195942,0
50,0.387755,0.284852,0
50,0.408163,0.266448,0
50,0.428571,0.387068,0
50,0.44898,0.518292,0
50,0.469388,0.417907,0
50,0.530612,0.60672,0
50,0.55102,0.495819,0
50,0.571429,0.685588,0
50,0.591837,0.954969,0
51,0.367347,0.196225,0
51,0.387755,0.285522,0
51,0.408163,0.266758,0
51,0.428571,0.391387,0
51,0.44898,0.525655,0
51,0.469388,0.424442,0
51,0.530612,0.614278,0
51,0.55102,0.496043,0
51,0.571429,0.686164,0
52,0.428571,0.003782,0
52,0.44898,0.006828,0
52,0.469388,0.005757,0
52,0.489796,0.012272,0
52,0.530612,0.007318,0
52,0.591837,0.082138,0
52,0.612245,0.081927,0
52,0.632653,0.074989,0
52,0.653061,0.068418,0
52,0.673469,0.034687,0
52,0.693878,0.013017,0
52,0.714286,0.010277,0
52,0.734694,0.008436,0
52,0.755102,0.009957,0
52,0.77551,0.005173,0
52,0.795918,0.004127,0
52,0.918367,0.012963,0
52,0.938776,0.0134,0
52,0.959184,0.005949,0
52,0.979592,0.006218,0
52,1.0,0.01258,0
53,0.469388,0.006535,0
53,0.918367,0.023202,0
54,0.367347,8e-06,0
54,0.387755,1.1e-05,0
54,0.408163,2.5e-05,0
54,0.428571,4.9e-05,0
54,0.44898,0.000104,0
54,0.469388,0.000299,0
54,0.489796,0.000907,0
54,0.510204,0.001273,0
54,0.530612,0.00074,0
54,0.55102,0.002288,0
54,0.571429,0.004507,0
54,0.591837,0.006773,0
55,0.510204,0.295998,0
55,0.530612,0.143221,0
55,0.55102,0.113652,0
55,0.571429,0.163215,0
55,0.591837,0.217615,0
55,0.612245,0.273417,0
55,0.632653,0.367663,0
55,0.653061,0.629355,0
55,0.673469,0.598674,0
55,0.693878,0.606452,0
55,0.714286,0.612314,0
55,0.734694,0.427488,0
55,0.755102,0.367911,0
55,0.77551,0.329561,0
55,0.795918,0.439478,0
55,0.816327,0.463,0
55,0.836735,0.466553,0
55,0.857143,0.69538,0
55,0.877551,0.726901,0
55,0.897959,0.696949,0
55,0.959184,0.97385,0
56,0.367347,0.005246,0
56,0.387755,0.006803,0
56,0.408163,0.008297,0
56,0.428571,0.018723,0
56,0.44898,0.012695,0
56,0.469388,0.007463,0
56,0.489796,0.012214,0
56,0.510204,0.007447,0
56,0.530612,0.005563,0
56,0.55102,0.00715,0
56,0.571429,0.007365,0
56,0.591837,0.012628,0
56,0.612245,0.016079,0
56,0.632653,0.023273,0
56,0.653061,0.054782,0
56,0.673469,0.043778,0
56,0.693878,0.049679,0
56,0.714286,0.060287,0
56,0.734694,0.060877,0
56,0.755102,0.053059,0
56,0.77551,0.057058,0
56,0.795918,0.052362,0
56,0.816327,0.043314,0
56,0.836735,0.05218,0
56,0.857143,0.053396,0
56,0.877551,0.060402,0
56,0.897959,0.068042,0
56,0.918367,0.075693,0
56,0.938776,0.117034,0
56,0.959184,0.112467,0
56,0.979592,0.081125,0
56,1.0,0.070143,0
57,0.0,8.8e-05,0
57,0.020408,0.000173,0
57,0.040816,0.000117,0
57,0.061224,0.000259,0
57,0.326531,0.000306,0
57,0.346939,0.000344,0
57,0.367347,0.000122,0
57,0.387755,0.00025,0
57,0.408163,0.00032,0
57,0.428571,0.001076,0
57,0.44898,0.000555,0
57,0.469388,0.000503,0
57,0.489796,0.001024,0
57,0.510204,0.002575,0
57,0.530612,0.000905,0
57,0.55102,0.001005,0
57,0.571429,0.002258,0
57,0.591837,0.006498,0
57,0.612245,0.004154,0
57,0.632653,0.002721,0
57,0.653061,0.004702,0
57,0.673469,0.008437,0
57,0.693878,0.009805,0
57,0.714286,0.009804,0
57,0.734694,0.008317,0
57,0.755102,0.008693,0
57,0.77551,0.025572,0
57,0.795918,0.013486,0
57,0.816327,0.004874,0
57,0.836735,0.010787,0
57,0.857143,0.006777,0
57,0.877551,0.020119,0
57,0.897959,0.056712,0
57,0.918367,0.149777,0
57,0.938776,0.138139,0
57,0.959184,0.136759,0
57,0.979592,0.26748,0
57,1.0,0.010863,0
58,0.408163,0.007692,0
58,0.428571,0.006807,0
58,0.44898,0.009237,0
58,0.469388,0.024876,0
58,0.489796,0.026019,0
58,0.510204,0.008493,0
58,0.530612,0.012977,0
58,0.55102,0.001812,0
58,0.571429,0.003523,0
58,0.591837,0.00345,0
58,0.612245,0.004506,0
58,0.632653,0.006972,0
58,0.653061,0.014234,0
58,0.673469,0.010136,0
58,0.693878,0.005703,0
58,0.714286,0.005119,0
58,0.734694,0.004716,0
58,0.755102,0.00541,0
58,0.77551,0.0086,0
58,0.795918,0.009566,0
58,0.816327,0.01208,0
58,0.836735,0.012897,0
58,0.857143,0.016694,0
58,0.877551,0.018518,0
59,0.081633,0.000359,0
59,0.102041,0.000957,0
59,0.122449,0.001775,0
59,0.142857,0.002772,0
59,0.163265,0.003102,0
59,0.183673,0.000359,0
59,0.204082,0.000415,0
59,0.22449,0.00121,0
59,0.244898,0.002787,0
59,0.265306,0.00134,0
59,0.285714,0.002159,0
59,0.306122,0.003034,0
59,0.326531,0.00484,0
59,0.346939,0.007559,0
59,0.367347,0.016612,0
59,0.387755,0.01446,0
59,0.408163,0.005073,0
59,0.428571,0.004675,0
59,0.44898,0.00802,0
59,0.469388,0.007977,0
59,0.489796,0.012082,0
59,0.510204,0.016568,0
59,0.530612,0.008652,0
59,0.55102,0.006563,0
59,0.571429,0.010277,0
59,0.591837,0.017477,0
59,0.612245,0.024496,0
59,0.632653,0.036456,0
59,0.653061,0.057458,0
59,0.673469,0.055403,0
59,0.693878,0.045911,0
59,0.714286,0.062468,0
59,0.734694,0.044217,0
59,0.755102,0.029322,0
59,0.77551,0.032078,0
59,0.795918,0.0273,0
59,0.816327,0.032536,0
59,0.836735,0.029911,0
59,0.857143,0.039847,0
59,0.877551,0.036039,0
59,0.897959,0.039518,0
59,0.918367,0.060397,0
59,0.938776,0.061348,0
59,0.959184,0.064509,0
59,0.979592,0.054805,0
59,1.0,0.026815,0
60,0.0,0.000945,0
60,0.020408,0.000725,0
60,0.040816,0.0005,0
60,0.061224,0.001136,0
60,0.081633,0.001997,0
60,0.102041,0.004949,0
60,0.122449,0.006262,0
60,0.142857,0.001609,0
60,0.163265,0.002235,0
60,0.183673,0.002335,0
60,0.204082,0.007915,0
60,0.22449,0.022135,0
60,0.244898,0.018688,0
60,0.265306,0.018241,0
60,0.285714,0.02426,0
60,0.306122,0.024339,0
60,0.326531,0.013525,0
60,0.346939,0.015948,0
60,0.367347,0.038061,0
60,0.387755,0.068884,0
60,0.408163,0.050263,0
60,0.428571,0.059186,0
60,0.44898,0.117242,0
60,0.469388,0.280467,0
60,0.489796,0.309352,0
60,0.510204,0.571141,0
60,0.530612,0.346111,0
60,0.55102,0.332716,0
60,0.571429,0.422761,0
60,0.591837,0.519571,0
60,0.612245,0.608784,0
60,0.632653,0.697771,0
60,0.673469,0.79905,0
60,0.693878,0.534932,0
60,0.714286,0.384314,0
60,0.734694,0.488634,0
60,0.755102,0.451697,0
60,0.77551,0.444416,0
61,0.367347,0.000169,0
61,0.387755,9.3e-05,0
61,0.408163,5.6e-05,0
61,0.428571,7.9e-05,0
61,0.44898,7.6e-05,0
61,0.469388,3.2e-05,0
61,0.489796,3.1e-05,0
61,0.510204,4.4e-05,0
61,0.530612,7.2e-05,0
61,0.55102,8.8e-05,0
61,0.734694,0.000148,0
61,0.755102,0.000413,0
61,0.77551,4.1e-05,0
61,0.795918,7.2e-05,0
61,0.816327,0.000354,0
61,0.836735,0.000235,0
61,0.857143,0.000197,0
61,0.877551,0.000325,0
61,0.897959,0.000453,0
61,0.918367,2.6e-05,0
61,0.959184,0.000105,0
61,0.979592,0.000162,0
61,1.0,0.000279,0
62,0.0,0.034753,0
62,0.020408,0.053199,0
62,0.040816,0.059349,0
62,0.061224,0.111991,0
62,0.081633,0.095961,0
62,0.102041,0.104004,0
62,0.122449,0.148018,0
62,0.142857,0.101061,0
62,0.163265,0.157081,0
62,0.183673,0.184855,0
62,0.204082,0.26267,0
62,0.22449,0.667207,0
62,0.306122,0.889172,0
62,0.326531,0.595,0
62,0.346939,0.349928,0
62,0.367347,0.525036,0
62,0.387755,0.617289,0
62,0.408163,0.66051,0
62,0.428571,0.686378,0
62,0.44898,0.601601,0
62,0.469388,0.60342,0
62,0.530612,0.982313,0
62,0.55102,1.0,0
63,0.367347,0.000765,0
63,0.387755,0.000406,0
63,0.408163,0.000341,0
63,0.428571,0.000202,0
63,0.44898,0.000289,0
63,0.469388,0.000376,0
63,0.489796,0.000317,0
63,0.510204,0.000272,0
63,0.530612,0.000545,0
63,0.55102,0.000773,0
63,0.571429,0.00151,0
63,0.591837,0.003088,0
63,0.612245,0.013746,0
63,0.632653,0.011288,0
63,0.653061,0.010058,0
63,0.673469,0.015695,0
63,0.693878,0.007449,0
63,0.714286,0.004962,0
63,0.734694,0.002249,0
63,0.755102,0.001576,0
63,0.77551,0.001978,0
63,0.795918,0.001785,0
63,0.816327,0.002052,0
63,0.836735,0.001492,0
63,0.857143,0.001347,0
63,0.877551,0.001364,0
63,0.897959,0.000972,0
63,0.918367,0.00085,0
63,0.938776,0.001556,0
63,0.959184,0.001464,0
63,0.979592,0.001185,0
63,1.0,0.000871,0
64,0.55102,1.7e-05,0
64,0.571429,0.000253,0
64,0.591837,0.000587,0
64,0.612245,0.000601,0
64,0.632653,0.001407,0
64,0.653061,0.005198,0
64,0.673469,0.002159,0
64,0.693878,0.002462,0
64,0.714286,0.000304,0
64,0.734694,0.000315,0
64,0.755102,0.000648,0
64,0.77551,0.000405,0
64,0.795918,0.000497,0
64,0.816327,0.001533,0
64,0.836735,0.000428,0
64,0.857143,0.000453,0
64,0.877551,0.000734,0
64,0.897959,0.000199,0
64,0.918367,0.000241,0
64,0.938776,0.00058,0
64,0.959184,0.000203,0
64,0.979592,0.000441,0
64,1.0,0.000263,0
65,0.367347,7e-06,0
65,0.387755,4e-05,0
65,0.408163,3.5e-05,0
65,0.428571,4.1e-05,0
65,0.44898,5.6e-05,0
65,0.469388,4.3e-05,0
65,0.489796,2.8e-05,0
65,0.510204,2.2e-05,0
65,0.530612,2.3e-05,0
65,0.55102,2.2e-05,0
65,0.571429,0.000115,0
65,0.591837,0.000164,0
65,0.612245,0.000291,0
65,0.632653,0.000787,0
65,0.653061,0.000651,0
65,0.673469,0.000428,0
65,0.693878,0.000114,0
65,0.714286,0.000458,0
65,0.734694,0.000529,0
65,0.755102,0.000582,0
65,0.77551,0.001042,0
65,0.795918,0.000583,0
65,0.816327,0.000394,0
65,0.836735,0.000471,0
65,0.897959,0.000272,0
65,0.918367,0.000279,0
65,0.938776,0.000304,0
65,0.959184,0.000203,0
65,0.979592,0.000191,0
65,1.0,0.000237,0
66,0.081633,0.001558,0
66,0.102041,0.001077,0
66,0.122449,0.002088,0
66,0.142857,0.001521,0
66,0.163265,0.001272,0
66,0.183673,0.002175,0
66,0.204082,0.002347,0
66,0.22449,0.006431,0
66,0.244898,0.014929,0
66,0.265306,0.049036,0
66,0.285714,0.068961,0
66,0.306122,0.043066,0
66,0.326531,0.047642,0
66,0.346939,0.066476,0
66,0.367347,0.121517,0
66,0.387755,0.16555,0
66,0.408163,0.10633,0
66,0.428571,0.102451,0
66,0.44898,0.098596,0
66,0.469388,0.092561,0
66,0.489796,0.441353,0
66,0.510204,0.285911,0
66,0.530612,0.21587,0
66,0.55102,0.335324,0
66,0.571429,0.26389,0
66,0.591837,0.30349,0
66,0.612245,0.692442,0
66,0.632653,0.772988,0
66,0.673469,0.68523,0
66,0.693878,0.972797,0
66,0.714286,0.940646,0
66,0.755102,0.914628,0
66,0.77551,0.767551,0
66,0.795918,0.740914,0
66,0.836735,0.923964,0
67,0.367347,0.001494,0
67,0.387755,0.001111,0
67,0.408163,0.003563,0
67,0.428571,0.010268,0
67,0.44898,0.019038,0
67,0.469388,0.005351,0
67,0.530612,0.000673,0
67,0.55102,0.001287,0
67,0.571429,0.003238,0
67,0.591837,0.027966,0
67,0.612245,0.053312,0
67,0.632653,0.033012,0
67,0.734694,0.012351,0
67,0.755102,0.012562,0
67,0.77551,0.023278,0
67,0.816327,0.015521,0
67,0.897959,0.002131,0
67,0.918367,0.018429,0
67,0.938776,0.022923,0
67,0.959184,0.024547,0
67,0.979592,0.019118,0
67,1.0,0.026773,0
68,0.387755,0.150421,0
68,0.408163,0.18172,0
68,0.428571,0.289404,0
68,0.44898,0.419352,0
68,0.469388,0.338543,0
68,0.510204,0.564353,0
68,0.530612,0.37798,0
68,0.55102,0.295758,0
68,0.571429,0.421803,0
68,0.591837,0.591766,0
68,0.612245,0.58838,0
69,0.102041,0.006245,0
69,0.122449,0.006631,0
69,0.142857,0.004211,0
69,0.163265,0.002764,0
69,0.183673,0.005573,0
69,0.204082,0.011707,0
69,0.22449,0.019603,0
69,0.244898,0.01256,0
69,0.265306,0.01135,0
69,0.285714,0.011587,0
69,0.306122,0.015506,0
69,0.326531,0.028911,0
69,0.346939,0.049467,0
69,0.367347,0.089236,0
69,0.387755,0.15241,0
69,0.408163,0.093362,0
69,0.428571,0.115024,0
69,0.44898,0.187534,0
69,0.469388,0.137875,0
69,0.489796,0.125423,0
69,0.510204,0.092161,0
69,0.530612,0.0758,0
69,0.55102,0.040954,0
69,0.571429,0.061178,0
69,0.591837,0.103257,0
69,0.612245,0.151541,0
69,0.632653,0.238131,0
69,0.653061,0.484313,0
69,0.673469,0.409211,0
69,0.693878,0.488772,0
69,0.714286,0.638672,0
69,0.734694,0.583107,0
69,0.755102,0.599245,0
69,0.77551,0.560289,0
69,0.795918,0.475478,0
69,0.816327,0.323048,0
69,0.836735,0.414765,0
69,0.857143,0.471468,0
69,0.877551,0.536853,0
69,0.897959,0.681677,0
69,0.918367,0.873272,0
69,0.938776,0.897228,0
69,0.959184,0.840217,0
69,0.979592,0.780729,0
69,1.0,0.61072,0
70,0.081633,0.005095,0
70,0.102041,0.006245,0
70,0.122449,0.006631,0
70,0.142857,0.004211,0
70,0.163265,0.002764,0
70,0.183673,0.005573,0
70,0.204082,0.011707,0
70,0.22449,0.019603,0
70,0.244898,0.01256,0
70,0.265306,0.01135,0
70,0.285714,0.011587,0
70,0.306122,0.015506,0
70,0.326531,0.028911,0
70,0.346939,0.049467,0
70,0.367347,0.089236,0
70,0.387755,0.15241,0
70,0.408163,0.093362,0
70,0.428571,0.115024,0
70,0.44898,0.187534,0
70,0.469388,0.137875,0
70,0.489796,0.125423,0
70,0.510204,0.092161,0
70,0.530612,0.0758,0
70,0.55102,0.040954,0
70,0.571429,0.061178,0
70,0.591837,0.103257,0
70,0.612245,0.151541,0
70,0.632653,0.238131,0
70,0.653061,0.484309,0
70,0.673469,0.40921,0
70,0.693878,0.488771,0
70,0.714286,0.638671,0
70,0.734694,0.583106,0
70,0.755102,0.599244,0
70,0.77551,0.560289,0
70,0.795918,0.475478,0
70,0.816327,0.323047,0
70,0.836735,0.414765,0
70,0.857143,0.471468,0
70,0.877551,0.536853,0
70,0.897959,0.681675,0
70,0.918367,0.873271,0
70,0.938776,0.897228,0
70,0.959184,0.840217,0
70,0.979592,0.780729,0
70,1.0,0.61072,0
71,0.081633,0.005095,0
71,0.102041,0.005811,0
71,0.122449,0.006371,0
71,0.142857,0.004083,0
71,0.163265,0.002703,0
71,0.183673,0.005516,0
71,0.204082,0.011624,0
71,0.22449,0.019167,0
71,0.244898,0.011829,0
71,0.265306,0.01047,0
71,0.285714,0.010503,0
71,0.306122,0.014596,0
71,0.326531,0.02789,0
71,0.346939,0.048358,0
71,0.367347,0.086747,0
71,0.387755,0.148744,0
71,0.408163,0.086757,0
71,0.428571,0.113646,0
71,0.44898,0.1811,0
71,0.469388,0.134399,0
71,0.489796,0.120954,0
71,0.510204,0.087361,0
71,0.530612,0.07266,0
71,0.55102,0.039332,0
71,0.571429,0.056716,0
71,0.591837,0.095581,0
71,0.612245,0.139634,0
71,0.632653,0.221896,0
71,0.653061,0.457992,0
71,0.673469,0.392347,0
71,0.693878,0.46736,0
71,0.714286,0.605156,0
71,0.734694,0.55324,0
71,0.755102,0.571968,0
71,0.77551,0.536342,0
71,0.795918,0.4596,0
71,0.816327,0.311662,0
71,0.836735,0.400907,0
71,0.857143,0.44945,0
71,0.877551,0.510229,0
71,0.897959,0.65953,0
71,0.918367,0.849194,0
71,0.938776,0.872642,0
71,0.959184,0.816051,0
71,0.979592,0.762783,0
71,1.0,0.59356,0
72,0.408163,0.0,0
72,0.428571,7e-06,0
72,0.44898,4.8e-05,0
72,0.469388,5.1e-05,0
72,0.489796,2.5e-05,0
72,0.510204,0.000157,0
72,0.530612,9.5e-05,0
72,0.55102,0.000109,0
72,0.571429,9.1e-05,0
72,0.591837,9.2e-05,0
73,0.428571,3.9e-05,0
73,0.44898,0.000369,0
73,0.469388,0.00019,0
73,0.489796,5e-05,0
73,0.510204,6.7e-05,0
73,0.530612,3e-05,0
73,0.55102,6.8e-05,0
73,0.571429,7.2e-05,0
73,0.591837,0.000109,0
73,0.612245,0.000521,0
73,0.632653,0.00116,0
73,0.653061,0.000558,0
73,0.673469,0.000988,0
73,0.693878,0.000601,0
73,0.714286,0.001083,0
73,0.734694,0.000295,0
73,0.755102,0.000235,0
73,0.77551,9.1e-05,0
73,0.795918,0.00036,0
73,0.816327,0.000292,0
73,0.836735,0.000521,0
73,0.857143,0.000352,0
73,0.877551,0.000218,0
73,0.897959,0.000113,0
73,0.918367,0.000134,0
73,0.938776,0.000204,0
73,0.959184,8e-06,0
74,0.571429,0.000118,0
74,0.591837,0.000284,0
75,0.367347,0.192587,0
75,0.387755,0.278841,0
75,0.408163,0.258375,0
75,0.428571,0.3867,0
75,0.44898,0.514633,0
75,0.469388,0.415615,0
75,0.530612,0.588851,0
75,0.55102,0.464787,0
75,0.571429,0.630894,0
75,0.591837,0.950227,0
76,0.510204,0.321061,0
76,0.530612,0.154128,0
76,0.591837,0.307686,0
76,0.612245,0.378579,0
76,0.632653,0.495006,0
76,0.653061,0.772687,0
76,0.673469,0.728366,0
76,0.693878,0.704681,0
76,0.714286,0.691319,0
76,0.734694,0.477452,0
76,0.755102,0.414893,0
76,0.77551,0.38195,0
76,0.795918,0.515747,0
76,0.816327,0.523567,0
76,0.836735,0.523676,0
76,0.857143,0.771151,0
76,0.877551,0.794442,0
76,0.897959,0.752154,0
77,0.142857,1e-05,0
77,0.163265,9e-06,0
77,0.183673,1.2e-05,0
77,0.204082,2.4e-05,0
77,0.22449,6.9e-05,0
77,0.244898,7.2e-05,0
77,0.265306,0.000147,0
77,0.285714,0.000118,0
77,0.306122,0.000114,0
77,0.326531,8.5e-05,0
77,0.346939,6.6e-05,0
77,0.367347,0.000122,0
77,0.387755,0.000155,0
77,0.408163,0.000118,0
77,0.428571,0.000297,0
77,0.44898,0.000575,0
77,0.469388,0.000894,0
77,0.489796,0.000549,0
77,0.510204,0.000706,0
77,0.530612,0.000249,0
77,0.55102,0.000177,0
77,0.571429,0.000163,0
77,0.591837,0.000229,0
77,0.612245,0.000131,0
77,0.632653,0.000139,0
77,0.653061,0.000141,0
77,0.673469,0.001034,0
77,0.693878,0.000162,0
77,0.714286,0.000103,0
77,0.734694,7.1e-05,0
77,0.755102,6.6e-05,0
77,0.77551,6.9e-05,0
77,0.795918,6.4e-05,0
77,0.816327,5.5e-05,0
77,0.836735,4.1e-05,0
77,0.857143,5.4e-05,0
77,0.877551,4.6e-05,0
77,0.897959,2.8e-05,0
77,0.918367,2.8e-05,0
77,0.938776,3.6e-05,0
77,0.959184,2.7e-05,0
77,0.979592,2.4e-05,0
77,1.0,2.3e-05,0
78,0.102041,0.001485,0
78,0.122449,0.001791,0
78,0.142857,0.000706,0
78,0.163265,0.001731,0
78,0.183673,0.001244,0
78,0.204082,0.001385,0
78,0.22449,0.000674,0
78,0.244898,0.0022,0
78,0.265306,0.001445,0
78,0.285714,0.003813,0
78,0.306122,0.006182,0
78,0.326531,0.006167,0
78,0.346939,0.010716,0
78,0.367347,0.008174,0
78,0.387755,0.006893,0
78,0.408163,0.034705,0
78,0.428571,0.014802,0
78,0.44898,0.024583,0
78,0.469388,0.015325,0
78,0.489796,0.024274,0
78,0.510204,0.030308,0
78,0.530612,0.01214,0
78,0.55102,0.01485,0
78,0.571429,0.026384,0
78,0.591837,0.031278,0
78,0.612245,0.025768,0
78,0.632653,0.039909,0
78,0.653061,0.089254,0
78,0.673469,0.047513,0
78,0.693878,0.046658,0
78,0.714286,0.066253,0
78,0.734694,0.075215,0
78,0.755102,0.071371,0
78,0.77551,0.082053,0
78,0.795918,0.082334,0
78,0.816327,0.064344,0
78,0.836735,0.056727,0
78,0.857143,0.079314,0
78,0.877551,0.078111,0
78,0.897959,0.062692,0
78,0.918367,0.143489,0
78,0.938776,0.117962,0
78,0.959184,0.063751,0
78,0.979592,0.060969,0
78,1.0,0.095767,0
79,0.469388,2e-05,0
79,0.489796,3e-05,0
79,0.510204,0.000107,0
79,0.530612,2.8e-05,0
79,0.55102,3.2e-05,0
79,0.571429,2.9e-05,0
79,0.591837,5.8e-05,0
79,0.612245,8.1e-05,0
79,0.632653,0.000156,0
79,0.653061,5.5e-05,0
79,0.673469,3.9e-05,0
79,0.693878,2.1e-05,0
79,0.714286,2.8e-05,0
79,0.734694,2.8e-05,0
79,0.755102,2.5e-05,0
79,0.77551,3.9e-05,0
79,0.795918,3.5e-05,0
79,0.816327,5.1e-05,0
79,0.836735,4.3e-05,0
79,0.857143,6.1e-05,0
79,0.877551,5.7e-05,0
79,0.897959,5.8e-05,0
79,0.918367,4.1e-05,0
79,0.938776,2.1e-05,0
79,0.959184,2e-05,0
79,0.979592,3.7e-05,0
79,1.0,3.1e-05,0
80,0.367347,2.2e-05,0
80,0.387755,4.8e-05,0
80,0.408163,3.1e-05,0
80,0.428571,5.7e-05,0
80,0.44898,7.1e-05,0
80,0.469388,5.5e-05,0
80,0.489796,4.1e-05,0
80,0.510204,3.8e-05,0
80,0.530612,6.1e-05,0
80,0.55102,3.2e-05,0
80,0.571429,5.9e-05,0
80,0.591837,6.6e-05,0
80,0.612245,8.1e-05,0
80,0.632653,9.1e-05,0
80,0.653061,0.000238,0
80,0.673469,0.000201,0
80,0.693878,0.000196,0
80,0.714286,0.000211,0
80,0.734694,0.000294,0
80,0.755102,0.000171,0
80,0.77551,0.000185,0
80,0.795918,0.000267,0
80,0.816327,0.000266,0
80,0.836735,0.000184,0
80,0.857143,0.000259,0
80,0.877551,0.000263,0
80,0.897959,0.000215,0
80,0.918367,0.000179,0
80,0.938776,0.000177,0
80,0.959184,0.00014,0
80,0.979592,0.000149,0
80,1.0,0.000146,0
81,0.061224,0.000771,0
81,0.081633,0.002374,0
81,0.102041,0.001858,0
81,0.122449,0.002413,0
81,0.142857,0.000451,0
81,0.163265,0.00054,0
81,0.183673,0.001059,0
81,0.204082,0.001756,0
81,0.22449,0.002313,0
81,0.244898,0.006014,0
81,0.265306,0.004428,0
81,0.285714,0.007819,0
81,0.306122,0.010699,0
81,0.326531,0.018267,0
81,0.346939,0.025485,0
81,0.367347,0.036128,0
81,0.387755,0.032996,0
81,0.408163,0.019735,0
81,0.428571,0.024889,0
81,0.44898,0.029843,0
81,0.469388,0.016138,0
81,0.489796,0.020161,0
81,0.510204,0.0258,0
81,0.530612,0.030641,0
81,0.55102,0.014681,0
81,0.571429,0.013322,0
81,0.591837,0.025529,0
81,0.612245,0.031448,0
81,0.632653,0.047236,0
81,0.653061,0.06806,0
81,0.673469,0.048979,0
81,0.693878,0.044763,0
81,0.714286,0.064135,0
81,0.734694,0.057595,0
81,0.755102,0.06908,0
81,0.77551,0.094478,0
81,0.795918,0.073898,0
81,0.816327,0.059826,0
81,0.836735,0.064583,0
81,0.857143,0.062953,0
81,0.877551,0.054137,0
81,0.897959,0.048888,0
81,0.918367,0.047732,0
81,0.938776,0.05212,0
81,0.959184,0.060996,0
81,0.979592,0.067011,0
81,1.0,0.063199,0
82,0.653061,0.622647,0
82,0.673469,0.545913,0
82,0.693878,0.371318,0
82,0.714286,0.256175,0
82,0.734694,0.276991,0
82,0.755102,0.390368,0
82,0.77551,0.317681,0
82,0.795918,0.506996,0
82,0.816327,0.367312,0
82,0.836735,0.2686,0
82,0.857143,0.22324,0
82,0.877551,0.228897,0
82,0.897959,0.26143,0
82,0.918367,0.568737,0
82,0.938776,0.682126,0
82,0.959184,0.610221,0
82,0.979592,0.644638,0
82,1.0,0.452907,0
83,0.693878,0.075503,0
83,0.714286,0.048635,0
83,0.734694,0.028568,0
83,0.755102,0.03002,0
83,0.77551,0.037451,0
83,0.795918,0.03347,0
83,0.918367,0.173623,0
83,0.938776,0.166926,0
83,0.959184,0.151207,0
83,0.979592,0.287489,0
83,1.0,0.038687,0
84,0.693878,0.075742,0
84,0.714286,0.048851,0
84,0.734694,0.028743,0
84,0.755102,0.03016,0
84,0.77551,0.037589,0
84,0.795918,0.033675,0
84,0.918367,0.173733,0
84,0.938776,0.167168,0
84,0.959184,0.15148,0
84,0.979592,0.287679,0
84,1.0,0.038782,0
85,0.367347,0.192587,0
85,0.387755,0.278841,0
85,0.408163,0.258375,0
85,0.428571,0.3867,0
85,0.44898,0.514633,0
85,0.469388,0.415615,0
85,0.530612,0.588851,0
85,0.55102,0.464787,0
85,0.571429,0.630894,0
85,0.591837,0.950227,0
86,0.653061,0.000206,0
86,0.673469,4.8e-05,0
86,0.714286,2.6e-05,0
86,0.734694,4.4e-05,0
86,0.755102,2.5e-05,0
87,0.367347,0.000282,0
87,0.387755,0.000469,0
87,0.408163,0.001412,0
87,0.428571,0.001195,0
87,0.44898,0.001828,0
87,0.469388,0.003005,0
87,0.489796,0.004828,0
87,0.510204,0.001821,0
87,0.530612,0.001001,0
87,0.55102,0.000577,0
87,0.571429,0.001488,0
87,0.591837,0.002268,0
87,0.612245,0.004554,0
87,0.632653,0.00569,0
87,0.653061,0.013374,0
87,0.673469,0.007946,0
87,0.693878,0.004567,0
87,0.714286,0.00352,0
87,0.734694,0.002362,0
87,0.755102,0.002016,0
87,0.77551,0.001868,0
87,0.795918,0.001755,0
87,0.816327,0.001685,0
87,0.836735,0.001834,0
87,0.857143,0.00244,0
87,0.877551,0.002252,0
87,0.897959,0.001882,0
87,0.918367,0.002138,0
87,0.938776,0.002544,0
87,0.959184,0.001771,0
87,0.979592,0.001952,0
87,1.0,0.003474,0
88,0.387755,7e-06,0
88,0.408163,2e-06,0
88,0.428571,2.2e-05,0
88,0.44898,1.3e-05,0
88,0.469388,7e-06,0
88,0.489796,1.3e-05,0
88,0.510204,1.1e-05,0
88,0.530612,3e-06,0
88,0.55102,1e-06,0
88,0.571429,2e-06,0
88,0.591837,1.1e-05,0
88,0.612245,3e-06,0
88,0.632653,1e-05,0
88,0.653061,1.2e-05,0
88,0.673469,8e-06,0
88,0.693878,1.4e-05,0
88,0.714286,1.2e-05,0
88,0.734694,7e-06,0
88,0.755102,3.5e-05,0
88,0.77551,1.9e-05,0
88,0.795918,4e-05,0
88,0.877551,3.6e-05,0
88,0.897959,5.7e-05,0
88,0.918367,2.1e-05,0
88,0.938776,1.6e-05,0
88,0.959184,2.1e-05,0
88,0.979592,1.6e-05,0
88,1.0,1.3e-05,0
89,0.0,0.002749,0
89,0.020408,0.003389,0
89,0.040816,0.00454,0
89,0.061224,0.00575,0
89,0.081633,0.0027,0
89,0.102041,0.00274,0
89,0.122449,0.002321,0
89,0.142857,0.002841,0
89,0.163265,0.005473,0
89,0.183673,0.006404,0
89,0.204082,0.011663,0
89,0.22449,0.019397,0
89,0.244898,0.02571,0
89,0.265306,0.017411,0
89,0.285714,0.028213,0
89,0.306122,0.025221,0
89,0.326531,0.024556,0
89,0.346939,0.025703,0
89,0.367347,0.0295,0
89,0.387755,0.04383,0
89,0.408163,0.066834,0
89,0.428571,0.098881,0
89,0.44898,0.143328,0
89,0.469388,0.233677,0
89,0.489796,0.242359,0
89,0.510204,0.375381,0
89,0.530612,0.263137,0
89,0.55102,0.304802,0
89,0.571429,0.311046,0
89,0.591837,0.362752,0
89,0.612245,0.343245,0
89,0.632653,0.519906,0
89,0.653061,0.889688,0
89,0.673469,0.560296,0
89,0.693878,0.312871,0
89,0.714286,0.321711,0
89,0.734694,0.298657,0
89,0.755102,0.240947,0
89,0.77551,0.275075,0
89,0.795918,0.274835,0
90,0.204082,0.000541,0
90,0.22449,0.001242,0
90,0.244898,0.001694,0
90,0.265306,0.000622,0
90,0.285714,0.000545,0
90,0.306122,0.001112,0
90,0.326531,0.001562,0
90,0.346939,0.001745,0
90,0.367347,0.003885,0
90,0.387755,0.004271,0
90,0.408163,0.004833,0
90,0.428571,0.00559,0
90,0.44898,0.005115,0
90,0.469388,0.006792,0
90,0.489796,0.006953,0
90,0.510204,0.005757,0
90,0.530612,0.004912,0
90,0.55102,0.001493,0
90,0.571429,0.002229,0
90,0.591837,0.002938,0
90,0.612245,0.003149,0
90,0.632653,0.003121,0
90,0.653061,0.003434,0
90,0.673469,0.001903,0
90,0.693878,0.001903,0
90,0.714286,0.001106,0
90,0.755102,0.003086,0
90,0.77551,0.005109,0
90,0.795918,0.004996,0
90,0.816327,0.005229,0
90,0.836735,0.006312,0
90,0.857143,0.00685,0
90,0.877551,0.007034,0
90,0.897959,0.007198,0
90,0.918367,0.012813,0
90,0.938776,0.011875,0
90,0.959184,0.008127,0
90,0.979592,0.006998,0
90,1.0,0.007261,0
91,0.367347,1.7e-05,0
91,0.387755,2.6e-05,0
91,0.408163,4.8e-05,0
91,0.428571,0.000182,0
91,0.44898,0.000288,0
91,0.469388,0.000352,0
91,0.489796,6.5e-05,0
91,0.530612,9.8e-05,0
91,0.591837,0.00097,0
91,0.612245,0.001128,0
91,0.632653,0.002076,0
91,0.653061,0.01002,0
91,0.673469,0.009649,0
91,0.693878,0.002593,0
91,0.714286,0.002947,0
91,0.734694,0.002235,0
91,0.755102,0.002362,0
91,0.77551,0.003595,0
91,0.795918,0.002963,0
91,0.816327,0.002358,0
91,0.836735,0.000871,0
91,0.857143,0.001273,0
91,0.877551,0.001493,0
91,0.897959,0.001568,0
91,0.918367,0.001432,0
91,0.938776,0.001035,0
91,0.959184,0.00129,0
91,0.979592,0.000943,0
91,1.0,0.000891,0
92,0.0,0.082241,0
92,0.020408,0.103712,0
92,0.040816,0.099586,0
92,0.061224,0.136214,0
92,0.081633,0.167338,0
92,0.102041,0.252208,0
92,0.122449,0.253636,0
92,0.142857,0.302791,0
92,0.163265,0.476334,0
92,0.183673,0.654355,0
92,0.204082,0.870243,0
93,0.102041,4.8e-05,0
93,0.122449,5.7e-05,0
93,0.142857,5e-05,0
93,0.163265,0.000523,0
93,0.183673,0.001267,0
93,0.204082,0.001228,0
93,0.22449,0.000981,0
93,0.244898,0.005567,0
93,0.265306,0.002779,0
93,0.285714,0.007521,0
93,0.306122,0.008559,0
93,0.326531,0.007278,0
93,0.346939,0.005264,0
93,0.367347,0.009598,0
93,0.387755,0.010493,0
93,0.408163,0.014133,0
93,0.428571,0.02043,0
93,0.44898,0.02643,0
93,0.469388,0.022983,0
93,0.489796,0.028795,0
93,0.510204,0.034835,0
93,0.530612,0.030499,0
93,0.55102,0.021061,0
93,0.571429,0.028218,0
93,0.591837,0.052826,0
93,0.612245,0.081802,0
93,0.632653,0.163245,0
93,0.653061,0.235391,0
93,0.673469,0.156829,0
93,0.693878,0.119874,0
93,0.714286,0.122372,0
93,0.734694,0.106656,0
93,0.755102,0.069034,0
93,0.77551,0.055715,0
93,0.795918,0.059062,0
93,0.816327,0.055408,0
93,0.836735,0.060795,0
93,0.857143,0.068015,0
93,0.877551,0.06878,0
93,0.897959,0.0587,0
94,0.0,0.170892,0
94,0.020408,0.210686,0
94,0.040816,0.207044,0
94,0.061224,0.310803,0
94,0.081633,0.344849,0
94,0.102041,0.453565,0
94,0.122449,0.499846,0
94,0.142857,0.451904,0
94,0.163265,0.779498,0
94,0.183673,0.988982,0
95,0.367347,0.000108,0
95,0.387755,0.000176,0
95,0.408163,0.000156,0
95,0.428571,0.00038,0
95,0.44898,0.002151,0
95,0.469388,0.001121,0
95,0.489796,0.00028,0
95,0.510204,0.000317,0
95,0.530612,0.000201,0
95,0.591837,0.001138,0
95,0.612245,0.002109,0
95,0.632653,0.001684,0
95,0.653061,0.003988,0
95,0.673469,0.005079,0
95,0.693878,0.003367,0
95,0.714286,0.00191,0
95,0.734694,0.001471,0
95,0.755102,0.001537,0
95,0.77551,0.00331,0
95,0.795918,0.00335,0
95,0.816327,0.002055,0
95,0.836735,0.001419,0
95,0.857143,0.001377,0
95,0.877551,0.001106,0
95,0.897959,0.000992,0
95,0.918367,0.000601,0
95,0.938776,0.000967,0
95,0.959184,0.001336,0
95,0.979592,0.000487,0
96,0.469388,0.001293,0
96,0.489796,0.004839,0
96,0.510204,0.007117,0
96,0.530612,0.0028,0
96,0.55102,0.00287,0
96,0.571429,0.00513,0
96,0.591837,0.007569,0
97,0.428571,0.003209,0
97,0.44898,0.006097,0
97,0.469388,0.005189,0
97,0.489796,0.012019,0
97,0.510204,0.017892,0
97,0.530612,0.007187,0
97,0.591837,0.080973,0
97,0.612245,0.080479,0
97,0.632653,0.072049,0
97,0.653061,0.05762,0
97,0.673469,0.024403,0
97,0.693878,0.010154,0
97,0.714286,0.006726,0
97,0.734694,0.005563,0
97,0.755102,0.006912,0
97,0.77551,0.000325,0
97,0.795918,0.000311,0
97,0.918367,0.011135,0
97,0.938776,0.01204,0
97,0.959184,0.004397,0
97,0.979592,0.005068,0
97,1.0,0.011446,0
98,0.367347,3.6e-05,0
98,0.387755,4.1e-05,0
98,0.408163,5e-06,0
98,0.428571,1.3e-05,0
98,0.44898,3.2e-05,0
98,0.469388,6.1e-05,0
98,0.489796,3.3e-05,0
98,0.510204,0.000105,0
98,0.530612,2.6e-05,0
98,0.55102,3.4e-05,0
98,0.571429,3.1e-05,0
98,0.591837,0.000104,0
98,0.612245,9e-05,0
98,0.632653,0.000146,0
98,0.653061,0.000209,0
98,0.673469,0.000168,0
98,0.693878,1.9e-05,0
98,0.714286,3.9e-05,0
98,0.734694,0.000187,0
98,0.755102,0.000413,0
98,0.77551,0.00011,0
98,0.795918,0.000143,0
98,0.877551,0.000186,0
98,0.897959,0.000216,0
98,0.918367,0.000121,0
98,0.938776,0.000394,0
98,0.959184,0.000363,0
98,0.979592,0.000247,0
98,1.0,0.000244,0
99,0.530612,0.0,0
99,0.55102,1e-06,0
99,0.571429,1e-06,0
99,0.591837,2e-06,0
99,0.612245,1e-05,0
99,0.632653,1.4e-05,0
99,0.653061,3.1e-05,0
99,0.673469,3.8e-05,0
99,0.693878,1.6e-05,0
99,0.714286,1.5e-05,0
99,0.734694,4.2e-05,0
99,0.795918,4e-05,0
99,0.816327,1e-05,0
99,0.836735,3.7e-05,0
99,0.857143,1e-06,0
100,0.408163,1.1e-05,0
100,0.428571,1.7e-05,0
100,0.44898,1.1e-05,0
100,0.469388,9e-06,0
100,0.489796,7e-06,0
100,0.530612,8e-06,0
100,0.55102,5e-06,0
101,0.367347,0.000893,0
101,0.387755,0.001784,0
101,0.408163,0.002242,0
101,0.428571,0.002051,0
101,0.44898,0.002227,0
101,0.469388,0.001516,0
101,0.489796,0.001417,0
101,0.510204,0.001264,0
101,0.530612,0.000425,0
101,0.55102,0.000554,0
101,0.571429,0.000559,0
101,0.591837,0.00061,0
101,0.612245,0.00099,0
101,0.632653,0.002385,0
101,0.653061,0.004652,0
101,0.673469,0.002125,0
101,0.693878,0.001708,0
101,0.714286,0.002305,0
101,0.734694,0.002988,0
101,0.755102,0.003047,0
101,0.77551,0.001831,0
101,0.795918,0.001863,0
101,0.816327,0.000838,0
101,0.836735,0.001556,0
101,0.857143,0.003658,0
101,0.877551,0.001286,0
101,0.897959,0.00092,0
101,0.918367,0.001219,0
101,0.938776,0.001222,0
101,0.959184,0.000806,0
101,0.979592,0.000416,0
101,1.0,0.002207,0
102,0.102041,0.00089,0
102,0.122449,0.000218,0
102,0.142857,0.00019,0
102,0.163265,0.000817,0
102,0.183673,0.000217,0
102,0.204082,0.000175,0
102,0.22449,0.000995,0
102,0.244898,0.002732,0
102,0.265306,0.001426,0
102,0.285714,0.003513,0
102,0.306122,0.001763,0
102,0.326531,0.002002,0
102,0.346939,0.003603,0
102,0.367347,0.003805,0
102,0.387755,0.008043,0
102,0.408163,0.008465,0
102,0.428571,0.014724,0
102,0.44898,0.011745,0
102,0.469388,0.006064,0
102,0.489796,0.011185,0
102,0.510204,0.004256,0
102,0.530612,0.001739,0
102,0.55102,0.001237,0
102,0.571429,0.001411,0
102,0.591837,0.001866,0
102,0.612245,0.00309,0
102,0.632653,0.005286,0
102,0.653061,0.013988,0
102,0.673469,0.007139,0
102,0.693878,0.008265,0
102,0.714286,0.012842,0
102,0.734694,0.015795,0
102,0.755102,0.020596,0
102,0.77551,0.025735,0
102,0.795918,0.024364,0
102,0.816327,0.022174,0
102,0.836735,0.020692,0
102,0.857143,0.019511,0
102,0.877551,0.016861,0
102,0.897959,0.017312,0
102,0.918367,0.018895,0
102,0.938776,0.020689,0
102,0.959184,0.01504,0
102,0.979592,0.01218,0
102,1.0,0.012593,0
103,0.326531,4.8e-05,0
103,0.346939,0.000241,0
103,0.367347,0.00114,0
103,0.387755,0.003005,0
103,0.408163,0.001598,0
103,0.428571,0.0032,0
103,0.44898,0.004285,0
103,0.469388,0.005121,0
103,0.489796,0.006202,0
103,0.510204,0.011809,0
103,0.530612,0.005874,0
103,0.55102,0.001871,0
103,0.571429,0.004481,0
103,0.591837,0.010277,0
103,0.612245,0.015146,0
103,0.632653,0.030725,0
103,0.653061,0.052043,0
103,0.673469,0.029833,0
103,0.693878,0.032684,0
103,0.714286,0.040078,0
103,0.734694,0.04217,0
103,0.755102,0.034762,0
103,0.77551,0.04191,0
103,0.795918,0.033357,0
103,0.816327,0.030375,0
103,0.836735,0.026342,0
103,0.857143,0.039249,0
103,0.877551,0.031599,0
103,0.897959,0.029086,0
103,0.918367,0.048158,0
103,0.938776,0.045301,0
103,0.959184,0.037877,0
103,0.979592,0.040314,0
103,1.0,0.046817,0
104,0.367347,0.001383,0
104,0.387755,0.002873,0
104,0.408163,0.002431,0
104,0.428571,0.004086,0
104,0.44898,0.011478,0
104,0.469388,0.028988,0
104,0.489796,0.022026,0
104,0.510204,0.032082,0
104,0.530612,0.015749,0
104,0.55102,0.013021,0
104,0.571429,0.013795,0
104,0.591837,0.021423,0
104,0.612245,0.02062,0
104,0.632653,0.038115,0
104,0.653061,0.079304,0
104,0.673469,0.043812,0
104,0.693878,0.02584,0
104,0.714286,0.030966,0
104,0.734694,0.020574,0
104,0.755102,0.015258,0
104,0.77551,0.022494,0
104,0.795918,0.027014,0
105,0.0,0.171171,0
105,0.020408,0.211059,0
105,0.040816,0.207233,0
105,0.061224,0.310267,0
105,0.081633,0.34335,0
105,0.102041,0.452662,0
105,0.122449,0.498796,0
105,0.142857,0.449878,0
105,0.163265,0.778983,0
105,0.183673,0.989692,0
106,0.469388,0.000406,0
107,0.632653,0.011979,0
107,0.653061,0.017281,0
107,0.673469,0.027812,0
107,0.693878,0.014613,0
107,0.714286,0.010621,0
107,0.734694,0.013222,0
107,0.755102,0.011203,0
107,0.77551,0.011869,0
107,0.795918,0.031588,0
107,0.816327,0.01394,0
107,0.836735,0.010941,0
107,0.857143,0.01058,0
107,0.877551,0.010955,0
107,0.897959,0.0077,0
107,0.918367,0.013376,0
107,0.938776,0.017873,0
107,0.959184,0.02525,0
107,0.979592,0.019858,0
107,1.0,0.016875,0
108,0.44898,0.000137,0
108,0.469388,8.7e-05,0
108,0.489796,5.8e-05,0
108,0.510204,3.3e-05,0
108,0.530612,6e-05,0
108,0.55102,8.3e-05,0
108,0.571429,0.000127,0
108,0.591837,0.000478,0
108,0.612245,0.00082,0
108,0.632653,0.000926,0
108,0.653061,0.001609,0
108,0.673469,0.000707,0
108,0.693878,0.000952,0
108,0.714286,0.000968,0
108,0.734694,0.001691,0
108,0.755102,0.001158,0
108,0.77551,0.000857,0
108,0.795918,0.000895,0
108,0.816327,0.001016,0
108,0.836735,0.000993,0
108,0.857143,0.001357,0
108,0.877551,0.001405,0
108,0.897959,0.00118,0
108,0.918367,0.001693,0
108,0.938776,0.001252,0
108,0.959184,0.001405,0
108,0.979592,0.001814,0
108,1.0,0.00174,0
109,0.530612,0.016277,0
109,0.55102,0.027512,0
109,0.571429,0.046014,0
109,0.591837,0.068507,0
109,0.612245,0.085355,0
109,0.632653,0.336288,0
109,0.653061,0.737059,0
109,0.673469,0.66664,0
109,0.693878,0.294582,0
109,0.714286,0.29254,0
109,0.734694,0.319886,0
109,0.755102,0.19642,0
109,0.77551,0.135929,0
109,0.795918,0.092313,0
109,0.816327,0.067712,0
109,0.836735,0.080561,0
109,0.857143,0.083987,0
109,0.877551,0.084942,0
109,0.897959,0.104307,0
109,0.918367,0.159642,0
109,0.938776,0.188619,0
109,0.959184,0.116918,0
109,0.979592,0.123764,0
110,0.877551,8e-06,0
110,0.897959,3e-06,0
110,0.918367,9e-06,0
110,0.938776,3e-06,0
110,0.959184,1e-05,0
110,0.979592,3e-06,0
110,1.0,2.5e-05,0
111,0.530612,0.012866,0
111,0.55102,0.020592,0
111,0.571429,0.091803,0
111,0.591837,0.272968,0
111,0.612245,0.636928,0
111,0.632653,0.809798,0
111,0.653061,0.3936,0
111,0.673469,0.302049,0
111,0.693878,0.193416,0
111,0.714286,0.116133,0
111,0.734694,0.168208,0
111,0.755102,0.295037,0
111,0.77551,0.209168,0
111,0.795918,0.327482,0
111,0.816327,0.25219,0
111,0.836735,0.176834,0
111,0.857143,0.126043,0
111,0.877551,0.132505,0
111,0.897959,0.127429,0
111,0.918367,0.28017,0
111,0.938776,0.34244,0
111,0.959184,0.258292,0
111,0.979592,0.198049,0
111,1.0,0.273606,0
112,0.44898,2.8e-05,0
112,0.469388,7e-06,0
112,0.489796,1.5e-05,0
112,0.510204,1.3e-05,0
112,0.530612,5.2e-05,0
112,0.55102,6.8e-05,0
112,0.571429,0.000324,0
112,0.591837,0.000253,0
112,0.612245,0.000392,0
112,0.632653,0.000942,0
112,0.653061,0.001785,0
112,0.673469,0.000685,0
112,0.693878,0.000393,0
112,0.714286,0.000181,0
112,0.734694,0.000221,0
112,0.755102,0.000139,0
113,0.795918,9.1e-05,0
113,0.877551,5e-06,0
113,0.897959,6e-06,0
113,0.918367,6e-06,0
113,0.938776,1e-06,0
113,0.959184,5e-06,0
113,0.979592,8e-06,0
113,1.0,2e-06,0
114,0.081633,0.000614,0
114,0.102041,0.002104,0
114,0.122449,0.00368,0
114,0.142857,0.001396,0
114,0.163265,0.003225,0
114,0.183673,0.002218,0
114,0.204082,0.000834,0
114,0.22449,0.001548,0
114,0.244898,0.004169,0
114,0.265306,0.002668,0
114,0.285714,0.008147,0
114,0.306122,0.012161,0
114,0.326531,0.010437,0
114,0.346939,0.010912,0
114,0.367347,0.048175,0
114,0.387755,0.051299,0
114,0.408163,0.036911,0
114,0.428571,0.034777,0
114,0.44898,0.04279,0
114,0.469388,0.03377,0
114,0.489796,0.061992,0
114,0.510204,0.05492,0
114,0.530612,0.041033,0
114,0.55102,0.036389,0
114,0.571429,0.054448,0
114,0.591837,0.063958,0
114,0.612245,0.067312,0
114,0.632653,0.107287,0
114,0.653061,0.220069,0
114,0.673469,0.146041,0
114,0.693878,0.146504,0
114,0.714286,0.176497,0
114,0.734694,0.158541,0
114,0.755102,0.150496,0
114,0.77551,0.160878,0
114,0.795918,0.115784,0
114,0.816327,0.114297,0
114,0.836735,0.108538,0
114,0.857143,0.126754,0
114,0.877551,0.126704,0
114,0.897959,0.065915,0
115,0.367347,2e-06,0
115,0.387755,0.000101,0
115,0.408163,0.000482,0
115,0.428571,0.001505,0
115,0.44898,0.001367,0
115,0.469388,0.000584,0
115,0.489796,0.000276,0
115,0.510204,0.000308,0
115,0.530612,0.00055,0
115,0.55102,0.000508,0
115,0.571429,0.000431,0
115,0.591837,0.000433,0
115,0.612245,3.8e-05,0
115,0.632653,5.7e-05,0
115,0.653061,1.8e-05,0
115,0.673469,1.2e-05,0
115,0.693878,0.000101,0
115,0.714286,0.000178,0
115,0.734694,0.000261,0
115,0.755102,4.4e-05,0
115,0.77551,3.1e-05,0
115,0.795918,6e-06,0
116,0.367347,0.0,0
116,0.387755,0.00024,0
116,0.408163,0.000201,0
116,0.428571,0.000285,0
116,0.44898,0.0003,0
116,0.469388,0.000465,0
116,0.489796,0.00049,0
116,0.510204,0.000369,0
116,0.530612,0.000557,0
116,0.55102,0.000535,0
116,0.571429,0.000289,0
116,0.591837,0.000445,0
116,0.612245,0.000275,0
116,0.632653,0.00061,0
116,0.653061,0.001695,0
116,0.673469,0.000781,0
116,0.693878,0.000596,0
116,0.714286,0.000279,0
116,0.734694,0.000296,0
116,0.755102,0.000231,0
116,0.77551,0.000238,0
116,0.795918,0.000425,0
116,0.816327,0.00021,0
116,0.836735,0.000176,0
116,0.857143,0.000231,0
116,0.877551,0.0,0
116,0.897959,8.7e-05,0
116,0.918367,0.000267,0
116,0.938776,0.000209,0
116,0.959184,0.00024,0
116,0.979592,0.000181,0
116,1.0,0.000246,0
117,0.0,0.000516,0
117,0.020408,0.000429,0
117,0.040816,0.000483,0
117,0.061224,0.000631,0
117,0.081633,0.001213,0
117,0.102041,0.002995,0
117,0.122449,0.001502,0
117,0.142857,0.001497,0
117,0.163265,0.001971,0
117,0.183673,0.001058,0
117,0.204082,0.001402,0
117,0.22449,0.002992,0
117,0.244898,0.005714,0
117,0.265306,0.002543,0
117,0.285714,0.004271,0
117,0.306122,0.004759,0
117,0.326531,0.004663,0
117,0.346939,0.00418,0
117,0.367347,0.004568,0
117,0.387755,0.007709,0
117,0.408163,0.009205,0
117,0.428571,0.01538,0
117,0.44898,0.024281,0
117,0.469388,0.03133,0
117,0.489796,0.042029,0
117,0.510204,0.040692,0
117,0.530612,0.02041,0
117,0.55102,0.027523,0
117,0.571429,0.028315,0
117,0.591837,0.048349,0
117,0.612245,0.064247,0
117,0.632653,0.100277,0
117,0.653061,0.148751,0
117,0.673469,0.116956,0
117,0.693878,0.125543,0
117,0.714286,0.160005,0
117,0.734694,0.130343,0
117,0.755102,0.130939,0
117,0.77551,0.134048,0
117,0.795918,0.141809,0
117,0.816327,0.135051,0
117,0.836735,0.232276,0
117,0.857143,0.236477,0
117,0.877551,0.170273,0
117,0.897959,0.164388,0
117,0.918367,0.169591,0
117,0.938776,0.148895,0
117,0.959184,0.135109,0
117,0.979592,0.115451,0
117,1.0,0.110833,0
118,0.510204,0.296615,0
118,0.530612,0.143447,0
118,0.55102,0.113834,0
118,0.571429,0.16363,0
118,0.591837,0.21808,0
118,0.612245,0.274159,0
118,0.632653,0.368365,0
118,0.653061,0.630321,0
118,0.673469,0.600076,0
118,0.693878,0.608521,0
118,0.714286,0.617989,0
118,0.734694,0.43154,0
118,0.755102,0.369711,0
118,0.77551,0.331159,0
118,0.795918,0.450102,0
118,0.816327,0.471892,0
118,0.836735,0.476091,0
118,0.857143,0.712062,0
118,0.877551,0.736851,0
118,0.897959,0.70507,0
118,0.959184,0.98819,0
119,0.510204,0.296615,0
119,0.530612,0.143447,0
119,0.55102,0.113834,0
119,0.571429,0.16363,0
119,0.591837,0.21808,0
119,0.612245,0.274159,0
119,0.632653,0.368365,0
119,0.653061,0.630321,0
119,0.673469,0.600076,0
119,0.693878,0.608521,0
119,0.714286,0.617989,0
119,0.734694,0.43154,0
119,0.755102,0.369711,0
119,0.77551,0.331159,0
119,0.795918,0.450102,0
119,0.816327,0.471892,0
119,0.836735,0.476091,0
119,0.857143,0.712062,0
119,0.877551,0.736851,0
119,0.897959,0.70507,0
119,0.959184,0.98819,0
120,0.0,0.001043,0
120,0.020408,0.001132,0
120,0.061224,0.00124,0
120,0.081633,0.000646,0
120,0.102041,0.000512,0
120,0.122449,0.000887,0
120,0.142857,0.000697,0
120,0.163265,0.000687,0
120,0.183673,0.001319,0
120,0.204082,0.002153,0
120,0.22449,0.009124,0
120,0.244898,0.023584,0
120,0.265306,0.015164,0
120,0.285714,0.022824,0
120,0.306122,0.02611,0
120,0.326531,0.027816,0
120,0.346939,0.021978,0
120,0.367347,0.026198,0
120,0.387755,0.039991,0
120,0.408163,0.038054,0
120,0.428571,0.059771,0
120,0.44898,0.109743,0
120,0.469388,0.217094,0
120,0.489796,0.592092,0
120,0.510204,0.913981,0
120,0.530612,0.860222,0
120,0.55102,0.261775,0
120,0.571429,0.356876,0
120,0.591837,0.496911,0
120,0.612245,0.566457,0
120,0.632653,0.864892,0
120,0.673469,0.996843,0
120,0.693878,0.737628,0
120,0.714286,0.793189,0
120,0.734694,0.650813,0
120,0.755102,0.498897,0
120,0.77551,0.52809,0
120,0.795918,0.572393,0
120,0.816327,0.564702,0
120,0.836735,0.373023,0
120,0.857143,0.423845,0
120,0.877551,0.359976,0
120,0.897959,0.288692,0
120,0.918367,0.282452,0
120,0.938776,0.22997,0
120,0.959184,0.209342,0
120,0.979592,0.181685,0
120,1.0,0.159434,0
121,0.367347,0.000218,0
121,0.387755,0.000401,0
121,0.408163,4.9e-05,0
121,0.428571,3.4e-05,0
121,0.44898,0.000178,0
121,0.469388,0.000163,0
121,0.489796,0.00012,0
121,0.510204,7.7e-05,0
121,0.530612,7.5e-05,0
121,0.55102,0.000182,0
121,0.571429,0.000416,0
121,0.591837,0.000322,0
121,0.612245,0.000623,0
121,0.632653,0.000565,0
121,0.653061,0.000558,0
121,0.673469,0.000559,0
121,0.693878,0.000719,0
121,0.714286,0.002883,0
121,0.734694,0.002768,0
121,0.755102,0.000966,0
121,0.77551,0.000885,0
121,0.795918,0.0015,0
121,0.816327,0.001035,0
121,0.836735,0.000695,0
121,0.857143,0.001386,0
121,0.877551,0.000633,0
121,0.897959,0.000544,0
121,0.918367,0.001071,0
121,0.938776,0.003044,0
121,0.959184,0.000972,0
121,0.979592,0.00059,0
121,1.0,0.000862,0
122,0.387755,0.007988,0
122,0.408163,0.009434,0
122,0.428571,0.016058,0
122,0.44898,0.025157,0
122,0.469388,0.032033,0
122,0.489796,0.042371,0
122,0.530612,0.020618,0
122,0.918367,0.171687,0
123,0.387755,0.007988,0
123,0.408163,0.009434,0
123,0.428571,0.016058,0
123,0.44898,0.025157,0
123,0.469388,0.032033,0
123,0.489796,0.042371,0
123,0.530612,0.020618,0
123,0.918367,0.171687,0
124,0.387755,0.007988,0
124,0.408163,0.009434,0
124,0.428571,0.016058,0
124,0.44898,0.025157,0
124,0.469388,0.032033,0
124,0.489796,0.042371,0
124,0.530612,0.020618,0
124,0.591837,0.049632,0
124,0.612245,0.065805,0
124,0.632653,0.10334,0
124,0.897959,0.166687,0
124,0.918367,0.171682,0
124,0.938776,0.150587,0
125,0.0,6.3e-05,0
125,0.020408,7.3e-05,0
125,0.040816,0.000216,0
125,0.061224,0.000245,0
125,0.081633,0.00119,0
125,0.102041,0.001037,0
125,0.122449,0.002118,0
125,0.142857,0.002663,0
125,0.163265,0.005684,0
125,0.183673,0.004889,0
125,0.204082,0.006233,0
125,0.22449,0.009768,0
125,0.244898,0.011306,0
125,0.265306,0.010771,0
125,0.285714,0.010409,0
125,0.306122,0.009041,0
125,0.326531,0.011852,0
125,0.346939,0.016421,0
125,0.367347,0.023438,0
125,0.387755,0.051072,0
125,0.408163,0.057327,0
125,0.428571,0.075303,0
125,0.44898,0.088205,0
125,0.469388,0.115301,0
125,0.489796,0.123987,0
125,0.510204,0.218783,0
125,0.530612,0.173081,0
125,0.55102,0.107104,0
125,0.571429,0.114532,0
125,0.591837,0.178808,0
126,0.0,0.018273,0
126,0.020408,0.024899,0
126,0.040816,0.020779,0
126,0.061224,0.024765,0
126,0.081633,0.040112,0
126,0.102041,0.045693,0
126,0.122449,0.043237,0
126,0.163265,0.073167,0
126,0.183673,0.075348,0
126,0.204082,0.123858,0
126,0.22449,0.075348,0
126,0.244898,0.246319,0
126,0.265306,0.224273,0
126,0.285714,0.238821,0
126,0.306122,0.23117,0
126,0.326531,0.042429,0
126,0.346939,0.041787,0
126,0.367347,0.108009,0
126,0.387755,0.147568,0
126,0.408163,0.184185,0
126,0.428571,0.239644,0
126,0.44898,0.311839,0
126,0.469388,0.397144,0
126,0.489796,0.268529,0
126,0.510204,0.365983,0
126,0.530612,0.338565,0
126,0.55102,0.283254,0
126,0.571429,0.25896,0
126,0.591837,0.025311,0
126,0.612245,0.032696,0
126,0.632653,0.046905,0
126,0.653061,0.72681,0
126,0.673469,0.815408,0
126,0.693878,0.444779,0
126,0.714286,0.505237,0
126,0.734694,0.477843,0
126,0.755102,0.341678,0
126,0.77551,0.40378,0
126,0.795918,0.423677,0
126,0.816327,0.551325,0
126,0.836735,0.483229,0
126,0.857143,0.547352,0
126,0.877551,0.541586,0
126,0.897959,0.557376,0
126,0.918367,0.754768,0
126,0.938776,0.49271,0
126,0.959184,0.499359,0
126,0.979592,0.443953,0
126,1.0,0.415187,0
127,0.489796,0.0,0
127,0.510204,3e-06,0
127,0.530612,4e-06,0
127,0.918367,1.1e-05,0
127,0.938776,1.3e-05,0
127,0.959184,1.7e-05,0
127,0.979592,2.1e-05,0
127,1.0,3.8e-05,0
128,0.102041,0.0004,0
128,0.122449,0.000134,0
128,0.142857,0.00032,0
128,0.163265,0.000458,0
128,0.183673,0.00054,0
128,0.204082,0.000764,0
128,0.22449,0.001271,0
128,0.244898,0.006232,0
128,0.265306,0.00757,0
128,0.285714,0.007343,0
128,0.306122,0.009083,0
128,0.326531,0.011198,0
128,0.346939,0.041236,0
128,0.367347,0.050273,0
128,0.387755,0.046771,0
128,0.408163,0.034003,0
128,0.428571,0.003852,0
128,0.44898,0.01019,0
128,0.469388,0.013085,0
128,0.489796,0.021533,0
128,0.510204,0.011157,0
128,0.530612,0.017922,0
128,0.55102,0.023826,0
128,0.571429,0.060343,0
128,0.591837,0.067493,0
128,0.612245,0.051841,0
128,0.632653,0.055991,0
128,0.653061,0.065077,0
128,0.673469,0.061213,0
128,0.693878,0.073082,0
128,0.714286,0.128381,0
128,0.734694,0.124248,0
128,0.755102,0.137858,0
128,0.77551,0.201959,0
128,0.795918,0.179292,0
128,0.816327,0.156596,0
128,0.836735,0.18758,0
128,0.857143,0.195966,0
128,0.877551,0.223101,0
128,0.897959,0.211883,0
128,0.918367,0.277792,0
128,0.938776,0.345116,0
128,0.959184,0.276006,0
128,0.979592,0.197809,0
128,1.0,0.174242,0
129,0.510204,8e-05,0
129,0.530612,9.6e-05,0
130,0.387755,0.000159,0
130,0.408163,0.000386,0
130,0.428571,0.000116,0
130,0.44898,0.000114,0
130,0.469388,9.3e-05,0
130,0.714286,0.001059,0
130,0.734694,0.000606,0
130,0.755102,0.000722,0
130,0.77551,0.000267,0
130,0.795918,0.000512,0
130,0.877551,0.000485,0
130,0.897959,0.000264,0
130,0.918367,0.000307,0
130,0.938776,0.000331,0
130,0.959184,0.000329,0
130,0.979592,0.000341,0
130,1.0,0.000317,0
131,0.326531,0.004777,0
131,0.346939,0.004817,0
131,0.367347,0.009234,0
131,0.387755,0.012506,0
131,0.408163,0.029371,0
131,0.428571,0.020913,0
131,0.44898,0.025215,0
131,0.469388,0.032997,0
131,0.489796,0.039241,0
131,0.510204,0.095792,0
131,0.530612,0.037908,0
131,0.55102,0.039231,0
131,0.571429,0.056636,0
131,0.591837,0.084591,0
131,0.612245,0.115277,0
131,0.632653,0.130712,0
131,0.653061,0.187466,0
131,0.673469,0.127691,0
131,0.693878,0.180493,0
131,0.714286,0.232743,0
131,0.734694,0.208402,0
131,0.755102,0.207162,0
131,0.77551,0.216007,0
131,0.795918,0.213406,0
131,0.816327,0.201828,0
131,0.836735,0.162651,0
131,0.857143,0.217769,0
131,0.877551,0.213444,0
131,0.897959,0.200638,0
131,0.918367,0.50133,0
131,0.938776,0.310629,0
131,0.959184,0.516153,0
131,0.979592,0.629313,0
131,1.0,0.553616,0
132,0.714286,0.001638,0
132,0.734694,0.00068,0
132,0.755102,0.000361,0
132,0.77551,0.00019,0
132,0.795918,7.1e-05,0
132,0.816327,2e-05,0
132,0.836735,7e-06,0
132,0.857143,1.1e-05,0
132,0.877551,7e-06,0
132,0.897959,1e-06,0
133,0.632653,0.011652,0
133,0.653061,0.027476,0
133,0.673469,0.041057,0
133,0.693878,0.037979,0
133,0.714286,0.015998,0
133,0.734694,0.00866,0
133,0.755102,0.010361,0
133,0.795918,0.08315,0
133,0.816327,0.033244,0
133,0.836735,0.028551,0
133,0.857143,0.025493,0
133,0.877551,0.014677,0
133,0.897959,0.016883,0
133,0.918367,0.021649,0
133,0.938776,0.069064,0
133,0.959184,0.08454,0
133,0.979592,0.064306,0
133,1.0,0.069563,0
134,0.0,0.020432,0
134,0.020408,0.013895,0
134,0.040816,0.011175,0
134,0.061224,0.011332,0
134,0.081633,0.014759,0
134,0.102041,0.020677,0
134,0.122449,0.018954,0
134,0.142857,0.018899,0
134,0.163265,0.024574,0
134,0.183673,0.027868,0
134,0.204082,0.04407,0
134,0.22449,0.065222,0
134,0.244898,0.246481,0
134,0.265306,0.170033,0
134,0.285714,0.183251,0
134,0.306122,0.175602,0
134,0.326531,0.192638,0
134,0.346939,0.189562,0
134,0.367347,0.240794,0
134,0.387755,0.273641,0
134,0.408163,0.289586,0
134,0.428571,0.339766,0
134,0.44898,0.483029,0
134,0.469388,0.602968,0
134,0.489796,0.821767,0
134,0.55102,0.604629,0
134,0.571429,0.718985,0
134,0.591837,0.935752,0
134,0.612245,0.998449,0
134,0.77551,0.966791,0
134,0.897959,0.466491,0
134,0.938776,0.49304,0
134,0.959184,0.648943,0
134,0.979592,0.367553,0
135,0.0,0.079235,0
135,0.020408,0.100036,0
135,0.040816,0.095738,0
135,0.061224,0.130351,0
135,0.081633,0.156904,0
135,0.102041,0.236534,0
135,0.122449,0.239965,0
135,0.142857,0.293286,0
135,0.163265,0.460076,0
135,0.183673,0.639748,0
135,0.204082,0.847738,0
136,0.367347,0.187453,0
136,0.387755,0.269088,0
136,0.408163,0.247458,0
136,0.428571,0.366083,0
136,0.44898,0.492912,0
136,0.469388,0.399344,0
136,0.510204,0.709751,0
136,0.530612,0.434723,0
136,0.55102,0.348238,0
136,0.571429,0.462598,0
136,0.591837,0.642542,0
136,0.612245,0.644536,0
137,0.387755,5e-06,0
137,0.408163,0.0,0
137,0.428571,0.0,0
137,0.469388,0.0,0
137,0.489796,0.0,0
138,0.918367,1.8e-05,0
138,0.938776,2.1e-05,0
138,0.959184,6e-05,0
138,0.979592,1.7e-05,0
138,1.0,6e-06,0
139,0.367347,0.00092,0
139,0.387755,0.000547,0
139,0.408163,0.00019,0
139,0.428571,0.000731,0
139,0.44898,0.002093,0
139,0.469388,0.000897,0
139,0.489796,0.000545,0
139,0.510204,0.00126,0
139,0.530612,0.000662,0
139,0.55102,5.1e-05,0
140,0.673469,0.005859,0
140,0.693878,0.019052,0
140,0.714286,0.017809,0
140,0.734694,0.006651,0
140,0.77551,0.00806,0
140,0.795918,0.017236,0
140,0.816327,0.013705,0
140,0.836735,0.015592,0
140,0.857143,0.025566,0
140,0.877551,0.026323,0
140,0.897959,0.018215,0
140,0.918367,0.032817,0
140,0.938776,0.109753,0
140,0.959184,0.093543,0
140,0.979592,0.078687,0
140,1.0,0.092582,0
141,0.489796,6.2e-05,0
141,0.510204,7.7e-05,0
141,0.530612,3.1e-05,0
141,0.55102,1.8e-05,0
141,0.571429,2.4e-05,0
141,0.591837,8.2e-05,0
141,0.612245,0.000544,0
141,0.632653,0.000267,0
141,0.653061,0.000367,0
141,0.673469,0.000494,0
141,0.693878,0.000239,0
141,0.714286,0.000216,0
141,0.734694,0.000175,0
141,0.755102,0.00014,0
141,0.77551,0.000139,0
141,0.795918,0.000204,0
141,0.816327,0.000185,0
141,0.836735,0.000257,0
141,0.857143,0.000271,0
141,0.877551,0.000204,0
141,0.897959,0.000158,0
141,0.918367,0.00011,0
141,0.938776,0.000242,0
141,0.959184,0.000273,0
141,0.979592,0.00019,0
141,1.0,9.5e-05,0
142,0.408163,5.9e-05,0
142,0.428571,0.000191,0
142,0.44898,0.000312,0
142,0.469388,0.000396,0
142,0.632653,0.002168,0
142,0.653061,0.010198,0
142,0.673469,0.009983,0
142,0.693878,0.002762,0
142,0.714286,0.003136,0
142,0.734694,0.002449,0
142,0.755102,0.002492,0
142,0.77551,0.003918,0
142,0.795918,0.003193,0
142,0.816327,0.002659,0
142,0.897959,0.00166,0
142,0.918367,0.001549,0
142,0.938776,0.001051,0
142,0.959184,0.001326,0
143,0.0,0.172035,0
143,0.020408,0.212127,0
143,0.040816,0.207971,0
143,0.061224,0.312132,0
143,0.081633,0.350017,0
143,0.102041,0.471028,0
143,0.122449,0.517153,0
143,0.142857,0.463404,0
143,0.163265,0.800404,0
144,0.387755,0.0,0
144,0.408163,0.0,0
144,0.428571,2e-06,0
144,0.44898,5e-06,0
144,0.469388,1e-06,0
144,0.489796,3e-06,0
144,0.510204,1e-06,0
144,0.530612,3e-06,0
144,0.55102,3e-06,0
144,0.571429,4e-06,0
144,0.591837,1e-06,0
144,0.612245,6e-06,0
144,0.632653,7e-06,0
144,0.714286,1.2e-05,0
144,0.734694,1.2e-05,0
144,0.755102,1.1e-05,0
144,0.918367,5e-06,0
144,0.938776,4e-05,0
144,0.959184,9e-06,0
144,0.979592,1.2e-05,0
144,1.0,8e-06,0
145,0.367347,2.9e-05,0
145,0.387755,0.0001,0
145,0.408163,8e-05,0
145,0.428571,0.000135,0
145,0.44898,0.000181,0
145,0.469388,4.6e-05,0
145,0.489796,0.000116,0
